{"metadata":{"usedHelpers":[],"marked":[],"modules":{"imports":[{"source":"meteor/templating","imported":["Template"],"specifiers":[{"kind":"named","imported":"Template","local":"Template"}]},{"source":"meteor/reactive-var","imported":["ReactiveVar"],"specifiers":[{"kind":"named","imported":"ReactiveVar","local":"ReactiveVar"}]},{"source":"./main.html","imported":[],"specifiers":[]}],"exports":{"exported":[],"specifiers":[]}}},"options":{"filename":"/client/main.js","filenameRelative":"/client/main.js","env":{},"retainLines":false,"highlightCode":true,"suppressDeprecationMessages":false,"presets":[],"plugins":[[[],{"polyfill":false}],[[],null],[[],null],[[],null],[[],null],[[],null],[[],null],[[],null],[[],null],[[],null],[[],null],[[],null],[[],null],[[],null],[[],null],[[],null],[[],{"loose":true}],[[],{"loose":true}],[[],null],[[],{"loose":true}],[[],null],[[],null],[[],null],[[],null],[[],null],[[],null],[[],null],[[],{"loose":true}],[[],null],[[],null],[[],null],[[],null],[[],null],[[],null],[[],null],[[],null]],"ignore":[],"code":true,"metadata":true,"ast":false,"comments":true,"compact":false,"minified":false,"sourceMap":true,"sourceMaps":true,"sourceMapTarget":"/client/main.js.map","sourceFileName":"/client/main.js","babelrc":false,"sourceType":"module","moduleIds":false,"passPerPreset":false,"basename":"main"},"ignored":false,"code":"var Template;module.import('meteor/templating',{\"Template\":function(v){Template=v}});var ReactiveVar;module.import('meteor/reactive-var',{\"ReactiveVar\":function(v){ReactiveVar=v}});module.import('./main.html');\n\n\n\nvar g = new dagreD3.graphlib.Graph().setGraph({}).setDefaultEdgeLabel(function () {\n  return {};\n});\n\nsvg_edge_label = document.createElementNS('http://www.w3.org/2000/svg', 'text');\nedge_tspan = document.createElementNS('http://www.w3.org/2000/svg', 'tspan');\nedge_tspan.setAttributeNS('http://www.w3.org/XML/1998/namespace', 'xml:space', 'preserve');\nedge_tspan.setAttribute('dy', '1em');\nedge_tspan.setAttribute('x', '1');\nedge_link = document.createElementNS('http://www.w3.org/2000/svg', 'a');\nedge_link.setAttributeNS('http://www.w3.org/1999/xlink', 'xlink:href', 'http://google.com/');\nedge_link.setAttribute('target', '_blank');\nedge_link.textContent = 'IE Capable Edge link';\nedge_tspan.appendChild(edge_link);\nsvg_edge_label.appendChild(edge_tspan);\n\ng.setNode(0, { label: \"A\" });\ng.setNode(1, { label: \"B\" });\ng.setNode(2, { label: \"C\" });\ng.setNode(3, { label: \"D\" });\n\ng.setEdge(0, 1, { label: \"edge1\" });\ng.setEdge(0, 2, { label: \"edge2\" });\n\n// console.log(\"g.edge:\"+ g.edge);\n\nvar render = new dagreD3.render();\nvar svg = d3.select(\"body\").append(\"svg\"),\n    svgGroup = svg.append(\"g\");\nrender(d3.select(\"svg g\"), g);\n\nvar svg = d3.select(\"svg\");\n\nsvg.selectAll(\"g.node\").on(\"click\", function (id) {\n  var _node = g.node(id);\n  // console.log(\"Clicked \" + id,_node);\n  // Session.set(\"lastnode\",id);\n  console.log(\"Node:\" + id);\n});\n\nsvg.selectAll(\"g.edgePath\").on(\"click\", function (id) {\n  // var domelement = this;\n  console.log(this.childNodes[1].childNodes[0].getAttribute('id'));\n  // go see dagre-d3 examples of setting edge attributes like hollowpoint\n  // go search for where id # is appended to 'arrowhead'\n\n  // var edid = this.id;\n\n  // var _node = g.edge(id);\n  // var bla = d3.select(this).data(\n  //   g.edges(), function(e){\n  //     var edge = g.edge(e);\n  //     var ied = edge.id;});\n  // console.log(edge.id);\n});\n\ninner = svg.append(\"g\");\n// Simple function to style the tooltip for the given node.\n// var styleTooltip = function(name, description) {\n//   return \"bla\";\n// };\n\n// // Run the renderer. This is what draws the final graph.\n// render(inner, g);\n\n// inner.selectAll(\"g.node\")\n//   .attr(\"title\", function(v) { return styleTooltip(v, g.node(v).description) })\n//   .each(function(v) { $(this).tipsy({ gravity: \"w\", opacity: 1 }); });\n\n//   svg.selectAll('g.edgePath').each(function() {\n//   console.log(\"d3thing\"+d3.select(this).attr('id')); // Logs the id attribute.\n// });","ast":null,"map":{"version":3,"sources":["/client/main.js"],"names":[],"mappings":"AAAA,SAAS,QAAT,QAAyB,mBAAzB;AACA,SAAS,WAAT,QAA4B,qBAA5B;AACA,OAAO,aAAP;;AAEA,IAAI,IAAI,IAAI,QAAQ,QAAR,CAAiB,KAArB,GACN,QADM,CACG,EADH,EAEN,mBAFM,CAEc,YAAY;AAC/B,SAAO,EAAP;AACD,CAJM,CAAR;;AAMA,iBAAiB,SAAS,eAAT,CAAyB,4BAAzB,EAAuD,MAAvD,CAAjB;AACA,aAAa,SAAS,eAAT,CAAyB,4BAAzB,EAAsD,OAAtD,CAAb;AACA,WAAW,cAAX,CAA0B,sCAA1B,EAAkE,WAAlE,EAA+E,UAA/E;AACA,WAAW,YAAX,CAAwB,IAAxB,EAA8B,KAA9B;AACA,WAAW,YAAX,CAAwB,GAAxB,EAA6B,GAA7B;AACA,YAAY,SAAS,eAAT,CAAyB,4BAAzB,EAAuD,GAAvD,CAAZ;AACA,UAAU,cAAV,CAAyB,8BAAzB,EAAyD,YAAzD,EAAuE,oBAAvE;AACA,UAAU,YAAV,CAAuB,QAAvB,EAAiC,QAAjC;AACA,UAAU,WAAV,GAAwB,sBAAxB;AACA,WAAW,WAAX,CAAuB,SAAvB;AACA,eAAe,WAAf,CAA2B,UAA3B;;AAEA,EAAE,OAAF,CAAU,CAAV,EAAa,EAAC,OAAO,GAAR,EAAb;AACA,EAAE,OAAF,CAAU,CAAV,EAAa,EAAC,OAAO,GAAR,EAAb;AACA,EAAE,OAAF,CAAU,CAAV,EAAa,EAAC,OAAO,GAAR,EAAb;AACA,EAAE,OAAF,CAAU,CAAV,EAAa,EAAC,OAAO,GAAR,EAAb;;AAEA,EAAE,OAAF,CAAU,CAAV,EAAa,CAAb,EAAgB,EAAC,OAAO,OAAR,EAAhB;AACA,EAAE,OAAF,CAAU,CAAV,EAAa,CAAb,EAAgB,EAAC,OAAO,OAAR,EAAhB;;;;AAIA,IAAI,SAAS,IAAI,QAAQ,MAAZ,EAAb;AACA,IAAI,MAAM,GAAG,MAAH,CAAU,MAAV,EAAkB,MAAlB,CAAyB,KAAzB,CAAV;AAAA,IACI,WAAW,IAAI,MAAJ,CAAW,GAAX,CADf;AAEA,OAAO,GAAG,MAAH,CAAU,OAAV,CAAP,EAA2B,CAA3B;;AAEE,IAAI,MAAM,GAAG,MAAH,CAAU,KAAV,CAAV;;AAEA,IAAI,SAAJ,CAAc,QAAd,EAAwB,EAAxB,CAA2B,OAA3B,EAAoC,UAAS,EAAT,EAAa;AAC3C,MAAI,QAAQ,EAAE,IAAF,CAAO,EAAP,CAAZ;;;AAGA,UAAQ,GAAR,CAAY,UAAU,EAAtB;AACL,CALD;;AAOA,IAAI,SAAJ,CAAc,YAAd,EAA4B,EAA5B,CAA+B,OAA/B,EAAwC,UAAS,EAAT,EAAa;;AAEnD,UAAQ,GAAR,CAAY,KAAK,UAAL,CAAgB,CAAhB,EAAmB,UAAnB,CAA8B,CAA9B,EAAiC,YAAjC,CAA8C,IAA9C,CAAZ;;;;;;;;;;;;AAYD,CAdD;;AAiBE,QAAQ,IAAI,MAAJ,CAAW,GAAX,CAAR","file":"/client/main.js.map","sourcesContent":["import { Template } from 'meteor/templating';\nimport { ReactiveVar } from 'meteor/reactive-var';\nimport './main.html';\n\nvar g = new dagreD3.graphlib.Graph()\n\t.setGraph({})\n\t.setDefaultEdgeLabel(function () {\n\t  return {};\n\t});\n\nsvg_edge_label = document.createElementNS('http://www.w3.org/2000/svg', 'text');\nedge_tspan = document.createElementNS('http://www.w3.org/2000/svg','tspan');\nedge_tspan.setAttributeNS('http://www.w3.org/XML/1998/namespace', 'xml:space', 'preserve');\nedge_tspan.setAttribute('dy', '1em');\nedge_tspan.setAttribute('x', '1');\nedge_link = document.createElementNS('http://www.w3.org/2000/svg', 'a');\nedge_link.setAttributeNS('http://www.w3.org/1999/xlink', 'xlink:href', 'http://google.com/');\nedge_link.setAttribute('target', '_blank');\nedge_link.textContent = 'IE Capable Edge link';\nedge_tspan.appendChild(edge_link);\nsvg_edge_label.appendChild(edge_tspan);\n\ng.setNode(0, {label: \"A\"});\ng.setNode(1, {label: \"B\"});\ng.setNode(2, {label: \"C\"});\ng.setNode(3, {label: \"D\"});\n\ng.setEdge(0, 1, {label: \"edge1\"});\ng.setEdge(0, 2, {label: \"edge2\"});\n\n// console.log(\"g.edge:\"+ g.edge);\n\nvar render = new dagreD3.render();\nvar svg = d3.select(\"body\").append(\"svg\"),\n    svgGroup = svg.append(\"g\");\nrender(d3.select(\"svg g\"), g);\n\n  var svg = d3.select(\"svg\");\n\n  svg.selectAll(\"g.node\").on(\"click\", function(id) {\n        var _node = g.node(id);\n        // console.log(\"Clicked \" + id,_node);\n        // Session.set(\"lastnode\",id);\n        console.log(\"Node:\" + id);\n  });\n\n  svg.selectAll(\"g.edgePath\").on(\"click\", function(id) {\n    // var domelement = this;\n    console.log(this.childNodes[1].childNodes[0].getAttribute('id'));\n    // go see dagre-d3 examples of setting edge attributes like hollowpoint \n    // go search for where id # is appended to 'arrowhead'\n\n    // var edid = this.id;\n\n    // var _node = g.edge(id);\n    // var bla = d3.select(this).data(\n    //   g.edges(), function(e){\n    //     var edge = g.edge(e);\n    //     var ied = edge.id;});\n    // console.log(edge.id);\n  });\n\n\n    inner = svg.append(\"g\");\n  // Simple function to style the tooltip for the given node.\n// var styleTooltip = function(name, description) {\n//   return \"bla\";\n// };\n\n// // Run the renderer. This is what draws the final graph.\n// render(inner, g);\n\n// inner.selectAll(\"g.node\")\n//   .attr(\"title\", function(v) { return styleTooltip(v, g.node(v).description) })\n//   .each(function(v) { $(this).tipsy({ gravity: \"w\", opacity: 1 }); });\n\n//   svg.selectAll('g.edgePath').each(function() {\n//   console.log(\"d3thing\"+d3.select(this).attr('id')); // Logs the id attribute.\n// });\n\n\n\n\n\n\n \n"]},"hash":"162e79f5237a1d00b61bece296d117f679888ab3"}
