{"metadata":{"usedHelpers":[],"marked":[],"modules":{"imports":[],"exports":{"exported":[],"specifiers":[]}}},"options":{"filename":"/packages/ddp-server/stream_server.js","filenameRelative":"/packages/ddp-server/stream_server.js","env":{},"retainLines":false,"highlightCode":true,"suppressDeprecationMessages":false,"presets":[],"plugins":[[[],{"polyfill":false}],[[],{"allowTopLevelThis":true,"strict":false,"loose":true}],[[],null],[[],null],[[],null],[[],null],[[],null],[[],null],[[],null],[[],null],[[],null],[[],null],[[],null],[[],null],[[],null],[[],{"loose":true}],[[],{"loose":true}],[[],null],[[],{"loose":true}],[[],null],[[],null],[[],null],[[],null],[[],null],[[],null],[[],null],[[],{"loose":true}],[[],null],[[],null],[[],null],[[],null],[[],null],[[],null],[[],null],[[],null]],"ignore":[],"code":true,"metadata":true,"ast":false,"comments":true,"compact":false,"minified":false,"sourceMap":true,"sourceMaps":true,"sourceMapTarget":"/packages/ddp-server/stream_server.js.map","sourceFileName":"/packages/ddp-server/stream_server.js","babelrc":false,"sourceType":"module","moduleIds":false,"passPerPreset":false,"basename":"stream_server"},"ignored":false,"code":"var url = Npm.require('url');\n\n// By default, we use the permessage-deflate extension with default\n// configuration. If $SERVER_WEBSOCKET_COMPRESSION is set, then it must be valid\n// JSON. If it represents a falsey value, then we do not use permessage-deflate\n// at all; otherwise, the JSON value is used as an argument to deflate's\n// configure method; see\n// https://github.com/faye/permessage-deflate-node/blob/master/README.md\n//\n// (We do this in an _.once instead of at startup, because we don't want to\n// crash the tool during isopacket load if your JSON doesn't parse. This is only\n// a problem because the tool has to load the DDP server code just in order to\n// be a DDP client; see https://github.com/meteor/meteor/issues/3452 .)\nvar websocketExtensions = _.once(function () {\n  var extensions = [];\n\n  var websocketCompressionConfig = process.env.SERVER_WEBSOCKET_COMPRESSION ? JSON.parse(process.env.SERVER_WEBSOCKET_COMPRESSION) : {};\n  if (websocketCompressionConfig) {\n    extensions.push(Npm.require('permessage-deflate').configure(websocketCompressionConfig));\n  }\n\n  return extensions;\n});\n\nvar pathPrefix = __meteor_runtime_config__.ROOT_URL_PATH_PREFIX || \"\";\n\nStreamServer = function StreamServer() {\n  var self = this;\n  self.registration_callbacks = [];\n  self.open_sockets = [];\n\n  // Because we are installing directly onto WebApp.httpServer instead of using\n  // WebApp.app, we have to process the path prefix ourselves.\n  self.prefix = pathPrefix + '/sockjs';\n  RoutePolicy.declare(self.prefix + '/', 'network');\n\n  // set up sockjs\n  var sockjs = Npm.require('sockjs');\n  var serverOptions = {\n    prefix: self.prefix,\n    log: function log() {},\n    // this is the default, but we code it explicitly because we depend\n    // on it in stream_client:HEARTBEAT_TIMEOUT\n    heartbeat_delay: 45000,\n    // The default disconnect_delay is 5 seconds, but if the server ends up CPU\n    // bound for that much time, SockJS might not notice that the user has\n    // reconnected because the timer (of disconnect_delay ms) can fire before\n    // SockJS processes the new connection. Eventually we'll fix this by not\n    // combining CPU-heavy processing with SockJS termination (eg a proxy which\n    // converts to Unix sockets) but for now, raise the delay.\n    disconnect_delay: 60 * 1000,\n    // Set the USE_JSESSIONID environment variable to enable setting the\n    // JSESSIONID cookie. This is useful for setting up proxies with\n    // session affinity.\n    jsessionid: !!process.env.USE_JSESSIONID\n  };\n\n  // If you know your server environment (eg, proxies) will prevent websockets\n  // from ever working, set $DISABLE_WEBSOCKETS and SockJS clients (ie,\n  // browsers) will not waste time attempting to use them.\n  // (Your server will still have a /websocket endpoint.)\n  if (process.env.DISABLE_WEBSOCKETS) {\n    serverOptions.websocket = false;\n  } else {\n    serverOptions.faye_server_options = {\n      extensions: websocketExtensions()\n    };\n  }\n\n  self.server = sockjs.createServer(serverOptions);\n\n  // Install the sockjs handlers, but we want to keep around our own particular\n  // request handler that adjusts idle timeouts while we have an outstanding\n  // request.  This compensates for the fact that sockjs removes all listeners\n  // for \"request\" to add its own.\n  WebApp.httpServer.removeListener('request', WebApp._timeoutAdjustmentRequestCallback);\n  self.server.installHandlers(WebApp.httpServer);\n  WebApp.httpServer.addListener('request', WebApp._timeoutAdjustmentRequestCallback);\n\n  // Support the /websocket endpoint\n  self._redirectWebsocketEndpoint();\n\n  self.server.on('connection', function (socket) {\n    socket.send = function (data) {\n      socket.write(data);\n    };\n    socket.on('close', function () {\n      self.open_sockets = _.without(self.open_sockets, socket);\n    });\n    self.open_sockets.push(socket);\n\n    // XXX COMPAT WITH 0.6.6. Send the old style welcome message, which\n    // will force old clients to reload. Remove this once we're not\n    // concerned about people upgrading from a pre-0.7.0 release. Also,\n    // remove the clause in the client that ignores the welcome message\n    // (livedata_connection.js)\n    socket.send(JSON.stringify({ server_id: \"0\" }));\n\n    // call all our callbacks when we get a new socket. they will do the\n    // work of setting up handlers and such for specific messages.\n    _.each(self.registration_callbacks, function (callback) {\n      callback(socket);\n    });\n  });\n};\n\n_.extend(StreamServer.prototype, {\n  // call my callback when a new socket connects.\n  // also call it for all current connections.\n  register: function register(callback) {\n    var self = this;\n    self.registration_callbacks.push(callback);\n    _.each(self.all_sockets(), function (socket) {\n      callback(socket);\n    });\n  },\n\n  // get a list of all sockets\n  all_sockets: function all_sockets() {\n    var self = this;\n    return _.values(self.open_sockets);\n  },\n\n  // Redirect /websocket to /sockjs/websocket in order to not expose\n  // sockjs to clients that want to use raw websockets\n  _redirectWebsocketEndpoint: function _redirectWebsocketEndpoint() {\n    var self = this;\n    // Unfortunately we can't use a connect middleware here since\n    // sockjs installs itself prior to all existing listeners\n    // (meaning prior to any connect middlewares) so we need to take\n    // an approach similar to overshadowListeners in\n    // https://github.com/sockjs/sockjs-node/blob/cf820c55af6a9953e16558555a31decea554f70e/src/utils.coffee\n    _.each(['request', 'upgrade'], function (event) {\n      var httpServer = WebApp.httpServer;\n      var oldHttpServerListeners = httpServer.listeners(event).slice(0);\n      httpServer.removeAllListeners(event);\n\n      // request and upgrade have different arguments passed but\n      // we only care about the first one which is always request\n      var newListener = function newListener(request /*, moreArguments */) {\n        // Store arguments for use within the closure below\n        var args = arguments;\n\n        // Rewrite /websocket and /websocket/ urls to /sockjs/websocket while\n        // preserving query string.\n        var parsedUrl = url.parse(request.url);\n        if (parsedUrl.pathname === pathPrefix + '/websocket' || parsedUrl.pathname === pathPrefix + '/websocket/') {\n          parsedUrl.pathname = self.prefix + '/websocket';\n          request.url = url.format(parsedUrl);\n        }\n        _.each(oldHttpServerListeners, function (oldListener) {\n          oldListener.apply(httpServer, args);\n        });\n      };\n      httpServer.addListener(event, newListener);\n    });\n  }\n});","ast":null,"map":{"version":3,"sources":["/packages/ddp-server/stream_server.js"],"names":[],"mappings":"AAAA,IAAI,MAAM,IAAI,OAAJ,CAAY,KAAZ,CAAV;;;;;;;;;;;;;AAaA,IAAI,sBAAsB,EAAE,IAAF,CAAO,YAAY;AAC3C,MAAI,aAAa,EAAjB;;AAEA,MAAI,6BAA6B,QAAQ,GAAR,CAAY,4BAAZ,GACzB,KAAK,KAAL,CAAW,QAAQ,GAAR,CAAY,4BAAvB,CADyB,GAC8B,EAD/D;AAEA,MAAI,0BAAJ,EAAgC;AAC9B,eAAW,IAAX,CAAgB,IAAI,OAAJ,CAAY,oBAAZ,EAAkC,SAAlC,CACd,0BADc,CAAhB;AAGD;;AAED,SAAO,UAAP;AACD,CAZyB,CAA1B;;AAcA,IAAI,aAAa,0BAA0B,oBAA1B,IAAmD,EAApE;;AAEA,eAAe,wBAAY;AACzB,MAAI,OAAO,IAAX;AACA,OAAK,sBAAL,GAA8B,EAA9B;AACA,OAAK,YAAL,GAAoB,EAApB;;;;AAIA,OAAK,MAAL,GAAc,aAAa,SAA3B;AACA,cAAY,OAAZ,CAAoB,KAAK,MAAL,GAAc,GAAlC,EAAuC,SAAvC;;;AAGA,MAAI,SAAS,IAAI,OAAJ,CAAY,QAAZ,CAAb;AACA,MAAI,gBAAgB;AAClB,YAAQ,KAAK,MADK;AAElB,SAAK,eAAW,CAAE,CAFA;;;AAKlB,qBAAiB,KALC;;;;;;;AAYlB,sBAAkB,KAAK,IAZL;;;;AAgBlB,gBAAY,CAAC,CAAC,QAAQ,GAAR,CAAY;AAhBR,GAApB;;;;;;AAuBA,MAAI,QAAQ,GAAR,CAAY,kBAAhB,EAAoC;AAClC,kBAAc,SAAd,GAA0B,KAA1B;AACD,GAFD,MAEO;AACL,kBAAc,mBAAd,GAAoC;AAClC,kBAAY;AADsB,KAApC;AAGD;;AAED,OAAK,MAAL,GAAc,OAAO,YAAP,CAAoB,aAApB,CAAd;;;;;;AAMA,SAAO,UAAP,CAAkB,cAAlB,CACE,SADF,EACa,OAAO,iCADpB;AAEA,OAAK,MAAL,CAAY,eAAZ,CAA4B,OAAO,UAAnC;AACA,SAAO,UAAP,CAAkB,WAAlB,CACE,SADF,EACa,OAAO,iCADpB;;;AAIA,OAAK,0BAAL;;AAEA,OAAK,MAAL,CAAY,EAAZ,CAAe,YAAf,EAA6B,UAAU,MAAV,EAAkB;AAC7C,WAAO,IAAP,GAAc,UAAU,IAAV,EAAgB;AAC5B,aAAO,KAAP,CAAa,IAAb;AACD,KAFD;AAGA,WAAO,EAAP,CAAU,OAAV,EAAmB,YAAY;AAC7B,WAAK,YAAL,GAAoB,EAAE,OAAF,CAAU,KAAK,YAAf,EAA6B,MAA7B,CAApB;AACD,KAFD;AAGA,SAAK,YAAL,CAAkB,IAAlB,CAAuB,MAAvB;;;;;;;AAOA,WAAO,IAAP,CAAY,KAAK,SAAL,CAAe,EAAC,WAAW,GAAZ,EAAf,CAAZ;;;;AAIA,MAAE,IAAF,CAAO,KAAK,sBAAZ,EAAoC,UAAU,QAAV,EAAoB;AACtD,eAAS,MAAT;AACD,KAFD;AAGD,GArBD;AAuBD,CAjFD;;AAmFA,EAAE,MAAF,CAAS,aAAa,SAAtB,EAAiC;;;AAG/B,YAAU,kBAAU,QAAV,EAAoB;AAC5B,QAAI,OAAO,IAAX;AACA,SAAK,sBAAL,CAA4B,IAA5B,CAAiC,QAAjC;AACA,MAAE,IAAF,CAAO,KAAK,WAAL,EAAP,EAA2B,UAAU,MAAV,EAAkB;AAC3C,eAAS,MAAT;AACD,KAFD;AAGD,GAT8B;;;AAY/B,eAAa,uBAAY;AACvB,QAAI,OAAO,IAAX;AACA,WAAO,EAAE,MAAF,CAAS,KAAK,YAAd,CAAP;AACD,GAf8B;;;;AAmB/B,8BAA4B,sCAAW;AACrC,QAAI,OAAO,IAAX;;;;;;AAMA,MAAE,IAAF,CAAO,CAAC,SAAD,EAAY,SAAZ,CAAP,EAA+B,UAAS,KAAT,EAAgB;AAC7C,UAAI,aAAa,OAAO,UAAxB;AACA,UAAI,yBAAyB,WAAW,SAAX,CAAqB,KAArB,EAA4B,KAA5B,CAAkC,CAAlC,CAA7B;AACA,iBAAW,kBAAX,CAA8B,KAA9B;;;;AAIA,UAAI,cAAc,SAAd,WAAc,CAAS,O,qBAAT,EAAuC;;AAEvD,YAAI,OAAO,SAAX;;;;AAIA,YAAI,YAAY,IAAI,KAAJ,CAAU,QAAQ,GAAlB,CAAhB;AACA,YAAI,UAAU,QAAV,KAAuB,aAAa,YAApC,IACA,UAAU,QAAV,KAAuB,aAAa,aADxC,EACuD;AACrD,oBAAU,QAAV,GAAqB,KAAK,MAAL,GAAc,YAAnC;AACA,kBAAQ,GAAR,GAAc,IAAI,MAAJ,CAAW,SAAX,CAAd;AACD;AACD,UAAE,IAAF,CAAO,sBAAP,EAA+B,UAAS,WAAT,EAAsB;AACnD,sBAAY,KAAZ,CAAkB,UAAlB,EAA8B,IAA9B;AACD,SAFD;AAGD,OAfD;AAgBA,iBAAW,WAAX,CAAuB,KAAvB,EAA8B,WAA9B;AACD,KAxBD;AAyBD;AAnD8B,CAAjC","file":"/packages/ddp-server/stream_server.js.map","sourcesContent":["var url = Npm.require('url');\n\n// By default, we use the permessage-deflate extension with default\n// configuration. If $SERVER_WEBSOCKET_COMPRESSION is set, then it must be valid\n// JSON. If it represents a falsey value, then we do not use permessage-deflate\n// at all; otherwise, the JSON value is used as an argument to deflate's\n// configure method; see\n// https://github.com/faye/permessage-deflate-node/blob/master/README.md\n//\n// (We do this in an _.once instead of at startup, because we don't want to\n// crash the tool during isopacket load if your JSON doesn't parse. This is only\n// a problem because the tool has to load the DDP server code just in order to\n// be a DDP client; see https://github.com/meteor/meteor/issues/3452 .)\nvar websocketExtensions = _.once(function () {\n  var extensions = [];\n\n  var websocketCompressionConfig = process.env.SERVER_WEBSOCKET_COMPRESSION\n        ? JSON.parse(process.env.SERVER_WEBSOCKET_COMPRESSION) : {};\n  if (websocketCompressionConfig) {\n    extensions.push(Npm.require('permessage-deflate').configure(\n      websocketCompressionConfig\n    ));\n  }\n\n  return extensions;\n});\n\nvar pathPrefix = __meteor_runtime_config__.ROOT_URL_PATH_PREFIX ||  \"\";\n\nStreamServer = function () {\n  var self = this;\n  self.registration_callbacks = [];\n  self.open_sockets = [];\n\n  // Because we are installing directly onto WebApp.httpServer instead of using\n  // WebApp.app, we have to process the path prefix ourselves.\n  self.prefix = pathPrefix + '/sockjs';\n  RoutePolicy.declare(self.prefix + '/', 'network');\n\n  // set up sockjs\n  var sockjs = Npm.require('sockjs');\n  var serverOptions = {\n    prefix: self.prefix,\n    log: function() {},\n    // this is the default, but we code it explicitly because we depend\n    // on it in stream_client:HEARTBEAT_TIMEOUT\n    heartbeat_delay: 45000,\n    // The default disconnect_delay is 5 seconds, but if the server ends up CPU\n    // bound for that much time, SockJS might not notice that the user has\n    // reconnected because the timer (of disconnect_delay ms) can fire before\n    // SockJS processes the new connection. Eventually we'll fix this by not\n    // combining CPU-heavy processing with SockJS termination (eg a proxy which\n    // converts to Unix sockets) but for now, raise the delay.\n    disconnect_delay: 60 * 1000,\n    // Set the USE_JSESSIONID environment variable to enable setting the\n    // JSESSIONID cookie. This is useful for setting up proxies with\n    // session affinity.\n    jsessionid: !!process.env.USE_JSESSIONID\n  };\n\n  // If you know your server environment (eg, proxies) will prevent websockets\n  // from ever working, set $DISABLE_WEBSOCKETS and SockJS clients (ie,\n  // browsers) will not waste time attempting to use them.\n  // (Your server will still have a /websocket endpoint.)\n  if (process.env.DISABLE_WEBSOCKETS) {\n    serverOptions.websocket = false;\n  } else {\n    serverOptions.faye_server_options = {\n      extensions: websocketExtensions()\n    };\n  }\n\n  self.server = sockjs.createServer(serverOptions);\n\n  // Install the sockjs handlers, but we want to keep around our own particular\n  // request handler that adjusts idle timeouts while we have an outstanding\n  // request.  This compensates for the fact that sockjs removes all listeners\n  // for \"request\" to add its own.\n  WebApp.httpServer.removeListener(\n    'request', WebApp._timeoutAdjustmentRequestCallback);\n  self.server.installHandlers(WebApp.httpServer);\n  WebApp.httpServer.addListener(\n    'request', WebApp._timeoutAdjustmentRequestCallback);\n\n  // Support the /websocket endpoint\n  self._redirectWebsocketEndpoint();\n\n  self.server.on('connection', function (socket) {\n    socket.send = function (data) {\n      socket.write(data);\n    };\n    socket.on('close', function () {\n      self.open_sockets = _.without(self.open_sockets, socket);\n    });\n    self.open_sockets.push(socket);\n\n    // XXX COMPAT WITH 0.6.6. Send the old style welcome message, which\n    // will force old clients to reload. Remove this once we're not\n    // concerned about people upgrading from a pre-0.7.0 release. Also,\n    // remove the clause in the client that ignores the welcome message\n    // (livedata_connection.js)\n    socket.send(JSON.stringify({server_id: \"0\"}));\n\n    // call all our callbacks when we get a new socket. they will do the\n    // work of setting up handlers and such for specific messages.\n    _.each(self.registration_callbacks, function (callback) {\n      callback(socket);\n    });\n  });\n\n};\n\n_.extend(StreamServer.prototype, {\n  // call my callback when a new socket connects.\n  // also call it for all current connections.\n  register: function (callback) {\n    var self = this;\n    self.registration_callbacks.push(callback);\n    _.each(self.all_sockets(), function (socket) {\n      callback(socket);\n    });\n  },\n\n  // get a list of all sockets\n  all_sockets: function () {\n    var self = this;\n    return _.values(self.open_sockets);\n  },\n\n  // Redirect /websocket to /sockjs/websocket in order to not expose\n  // sockjs to clients that want to use raw websockets\n  _redirectWebsocketEndpoint: function() {\n    var self = this;\n    // Unfortunately we can't use a connect middleware here since\n    // sockjs installs itself prior to all existing listeners\n    // (meaning prior to any connect middlewares) so we need to take\n    // an approach similar to overshadowListeners in\n    // https://github.com/sockjs/sockjs-node/blob/cf820c55af6a9953e16558555a31decea554f70e/src/utils.coffee\n    _.each(['request', 'upgrade'], function(event) {\n      var httpServer = WebApp.httpServer;\n      var oldHttpServerListeners = httpServer.listeners(event).slice(0);\n      httpServer.removeAllListeners(event);\n\n      // request and upgrade have different arguments passed but\n      // we only care about the first one which is always request\n      var newListener = function(request /*, moreArguments */) {\n        // Store arguments for use within the closure below\n        var args = arguments;\n\n        // Rewrite /websocket and /websocket/ urls to /sockjs/websocket while\n        // preserving query string.\n        var parsedUrl = url.parse(request.url);\n        if (parsedUrl.pathname === pathPrefix + '/websocket' ||\n            parsedUrl.pathname === pathPrefix + '/websocket/') {\n          parsedUrl.pathname = self.prefix + '/websocket';\n          request.url = url.format(parsedUrl);\n        }\n        _.each(oldHttpServerListeners, function(oldListener) {\n          oldListener.apply(httpServer, args);\n        });\n      };\n      httpServer.addListener(event, newListener);\n    });\n  }\n});\n"]},"hash":"459cde4839ab3f56d1368452b8ae4d0d01571deb"}
