{"metadata":{"usedHelpers":[],"marked":[],"modules":{"imports":[{"source":"meteor/templating","imported":["Template"],"specifiers":[{"kind":"named","imported":"Template","local":"Template"}]},{"source":"meteor/reactive-var","imported":["ReactiveVar"],"specifiers":[{"kind":"named","imported":"ReactiveVar","local":"ReactiveVar"}]},{"source":"./main.html","imported":[],"specifiers":[]}],"exports":{"exported":[],"specifiers":[]}}},"options":{"filename":"/client/main.js","filenameRelative":"/client/main.js","env":{},"retainLines":false,"highlightCode":true,"suppressDeprecationMessages":false,"presets":[],"plugins":[[[],{"polyfill":false}],[[],null],[[],null],[[],null],[[],null],[[],null],[[],null],[[],null],[[],null],[[],null],[[],null],[[],null],[[],null],[[],null],[[],null],[[],null],[[],{"loose":true}],[[],{"loose":true}],[[],null],[[],{"loose":true}],[[],null],[[],null],[[],null],[[],null],[[],null],[[],null],[[],null],[[],{"loose":true}],[[],null],[[],null],[[],null],[[],null],[[],null],[[],null],[[],null],[[],null]],"ignore":[],"code":true,"metadata":true,"ast":false,"comments":true,"compact":false,"minified":false,"sourceMap":true,"sourceMaps":true,"sourceMapTarget":"/client/main.js.map","sourceFileName":"/client/main.js","babelrc":false,"sourceType":"module","moduleIds":false,"passPerPreset":false,"basename":"main"},"ignored":false,"code":"var Template;module.import('meteor/templating',{\"Template\":function(v){Template=v}});var ReactiveVar;module.import('meteor/reactive-var',{\"ReactiveVar\":function(v){ReactiveVar=v}});module.import('./main.html');\n\n\n\nvar g = new dagreD3.graphlib.Graph().setGraph({}).setDefaultEdgeLabel(function () {\n  return {};\n});\n\n// svg_edge_label = document.createElementNS('http://www.w3.org/2000/svg', 'text');\n// edge_tspan = document.createElementNS('http://www.w3.org/2000/svg','tspan');\n// edge_tspan.setAttributeNS('http://www.w3.org/XML/1998/namespace', 'xml:space', 'preserve');\n// edge_tspan.setAttribute('dy', '1em');\n// edge_tspan.setAttribute('x', '1');\n// edge_link = document.createElementNS('http://www.w3.org/2000/svg', 'a');\n// edge_link.setAttributeNS('http://www.w3.org/1999/xlink', 'xlink:href', 'http://google.com/');\n// edge_link.setAttribute('target', '_blank');\n// edge_link.textContent = 'IE Capable Edge link';\n// edge_tspan.appendChild(edge_link);\n// svg_edge_label.appendChild(edge_tspan);\n\ng.setNode(0, { label: \"A\" });\ng.setNode(1, { label: \"B\" });\ng.setNode(2, { label: \"C\" });\ng.setNode(3, { label: \"D\" });\n\ng.setEdge(0, 1, { label: \"edge1\" });\ng.setEdge(0, 2, { label: \"edge2\" });\n\ng.setEdge(0, 1, {\n  style: \"stroke-width: 4px; opacity:0.1;\"\n});\n\n// console.log(\"g.edge:\"+ g.edge);\n\nvar render = new dagreD3.render();\nvar svg = d3.select(\"body\").append(\"svg\"),\n    svgGroup = svg.append(\"g\");\nrender(d3.select(\"svg g\"), g);\n\nvar svg = d3.select(\"svg\");\n\ng.nodes().forEach(function (v) {\n  var node = g.node(v);\n  // node.rx = node.ry = 5;\n});\n\ng.edges().forEach(function (e) {\n  var edge = g.edge(e);\n  console.log(edge);\n  // edge.style(\"stroke-width\",5);// node.rx = node.ry = 5;\n  // can probably write in my own _onclick function for all edgepath this way.\n  // find away to access .attr('stroke-width')\n});\n\n// RENDER A TOOL TIP\n\ninner = svg.append(\"g\");\n\n// Simple function to style the tooltip for the given node.\nvar styleTooltip = function styleTooltip(name, description) {\n  return \"bla\";\n};\n\n// Run the renderer. This is what draws the final graph.\nrender(inner, g);\n\ninner.selectAll(\"g.node\").attr(\"title\", function (v) {\n  return styleTooltip(v, g.node(v).bamboo);\n}).each(function (v) {\n  $(this).tipsy({ gravity: \"w\", opacity: 1 });\n});\n\nsvg.selectAll('g.edgePath').each(function () {\n  console.log(\"d3thing\" + d3.select(this).attr('id')); // Logs the id attribute.\n});\n\n// GET EDGE TOOLTIP TO WORK\ninner.selectAll(\"g.edgePath\").attr(\"title\", function (e) {\n  return styleTooltip(e, g.edge(e).label);\n}).each(function (e) {\n  $(this).tipsy({ gravity: \"w\", opacity: 0.5 });\n});\n\n// RESPOND TO CLICKS\n\nsvg.selectAll(\"g.node\").on(\"click\", function (id) {\n  var _node = g.node(id);\n  // console.log(\"Clicked \" + id,_node);\n  // Session.set(\"lastnode\",id);\n  console.log(\"Node:\" + id);\n});\n\nsvg.selectAll(\"g.edgePath\").on(\"click\", function (id) {\n  // var clickededge = this.childNodes[1].childNodes[0].getAttribute('id');\n  console.log(this);\n  console.log(this.childNodes[1].childNodes[0]);\n  var edgev = this.__data__.v;\n  var edgew = this.__data__.w;\n  console.log(edgev + \"going to\" + edgew);\n  g.setEdge(edgev, edgew, {\n    style: \"stroke: #f66;\"\n  });\n});\n\n//   Template.map.rendered = function(){\n//   // Nodes.find().observe({\n//   //   added: function (){\n//   //   }\n//   // });\n// }","ast":null,"map":{"version":3,"sources":["/client/main.js"],"names":[],"mappings":"AAAA,SAAS,QAAT,QAAyB,mBAAzB;AACA,SAAS,WAAT,QAA4B,qBAA5B;AACA,OAAO,aAAP;;AAEA,IAAI,IAAI,IAAI,QAAQ,QAAR,CAAiB,KAArB,GACN,QADM,CACG,EADH,EAEN,mBAFM,CAEc,YAAY;AAC/B,SAAO,EAAP;AACD,CAJM,CAAR;;;;;;;;;;;;;;AAkBA,EAAE,OAAF,CAAU,CAAV,EAAa,EAAC,OAAO,GAAR,EAAb;AACA,EAAE,OAAF,CAAU,CAAV,EAAa,EAAC,OAAO,GAAR,EAAb;AACA,EAAE,OAAF,CAAU,CAAV,EAAa,EAAC,OAAO,GAAR,EAAb;AACA,EAAE,OAAF,CAAU,CAAV,EAAa,EAAC,OAAO,GAAR,EAAb;;AAEA,EAAE,OAAF,CAAU,CAAV,EAAa,CAAb,EAAgB,EAAC,OAAO,OAAR,EAAhB;AACA,EAAE,OAAF,CAAU,CAAV,EAAa,CAAb,EAAgB,EAAC,OAAO,OAAR,EAAhB;;AAEA,EAAE,OAAF,CAAU,CAAV,EAAa,CAAb,EAAgB;AACd,SAAO;AADO,CAAhB;;;;AAOA,IAAI,SAAS,IAAI,QAAQ,MAAZ,EAAb;AACA,IAAI,MAAM,GAAG,MAAH,CAAU,MAAV,EAAkB,MAAlB,CAAyB,KAAzB,CAAV;AAAA,IACI,WAAW,IAAI,MAAJ,CAAW,GAAX,CADf;AAEA,OAAO,GAAG,MAAH,CAAU,OAAV,CAAP,EAA2B,CAA3B;;AAEE,IAAI,MAAM,GAAG,MAAH,CAAU,KAAV,CAAV;;AAEF,EAAE,KAAF,GAAU,OAAV,CAAkB,UAAS,CAAT,EAAY;AAC5B,MAAI,OAAO,EAAE,IAAF,CAAO,CAAP,CAAX;;AAED,CAHD;;AAKA,EAAE,KAAF,GAAU,OAAV,CAAkB,UAAS,CAAT,EAAY;AAC5B,MAAI,OAAO,EAAE,IAAF,CAAO,CAAP,CAAX;AACA,UAAQ,GAAR,CAAY,IAAZ;;;;AAKD,CAPD;;;;AAYI,QAAQ,IAAI,MAAJ,CAAW,GAAX,CAAR;;;AAGJ,IAAI,eAAe,SAAf,YAAe,CAAS,IAAT,EAAe,WAAf,EAA4B;AAC7C,SAAO,KAAP;AACD,CAFD;;;AAKA,OAAO,KAAP,EAAc,CAAd;;AAEA,MAAM,SAAN,CAAgB,QAAhB,EACG,IADH,CACQ,OADR,EACiB,UAAS,CAAT,EAAY;AAAE,SAAO,aAAa,CAAb,EAAgB,EAAE,IAAF,CAAO,CAAP,EAAU,MAA1B,CAAP;AAA0C,CADzE,EAEG,IAFH,CAEQ,UAAS,CAAT,EAAY;AAAE,IAAE,IAAF,EAAQ,KAAR,CAAc,EAAE,SAAS,GAAX,EAAgB,SAAS,CAAzB,EAAd;AAA8C,CAFpE;;AAIE,IAAI,SAAJ,CAAc,YAAd,EAA4B,IAA5B,CAAiC,YAAW;AAC5C,UAAQ,GAAR,CAAY,YAAU,GAAG,MAAH,CAAU,IAAV,EAAgB,IAAhB,CAAqB,IAArB,CAAtB,E;AACD,CAFC;;;AAKF,MAAM,SAAN,CAAgB,YAAhB,EACG,IADH,CACQ,OADR,EACiB,UAAS,CAAT,EAAY;AAAE,SAAO,aAAa,CAAb,EAAgB,EAAE,IAAF,CAAO,CAAP,EAAU,KAA1B,CAAP;AAAyC,CADxE,EAEG,IAFH,CAEQ,UAAS,CAAT,EAAY;AAAE,IAAE,IAAF,EAAQ,KAAR,CAAc,EAAE,SAAS,GAAX,EAAgB,SAAS,GAAzB,EAAd;AAAgD,CAFtE;;;;AAQE,IAAI,SAAJ,CAAc,QAAd,EAAwB,EAAxB,CAA2B,OAA3B,EAAoC,UAAS,EAAT,EAAa;AAC3C,MAAI,QAAQ,EAAE,IAAF,CAAO,EAAP,CAAZ;;;AAGA,UAAQ,GAAR,CAAY,UAAU,EAAtB;AACL,CALD;;AAOA,IAAI,SAAJ,CAAc,YAAd,EAA4B,EAA5B,CAA+B,OAA/B,EAAwC,UAAS,EAAT,EAAa;;AAEnD,UAAQ,GAAR,CAAY,IAAZ;AACA,UAAQ,GAAR,CAAY,KAAK,UAAL,CAAgB,CAAhB,EAAmB,UAAnB,CAA8B,CAA9B,CAAZ;AACA,MAAI,QAAQ,KAAK,QAAL,CAAc,CAA1B;AACA,MAAI,QAAQ,KAAK,QAAL,CAAc,CAA1B;AACA,UAAQ,GAAR,CAAa,QAAO,UAAP,GAAmB,KAAhC;AACA,IAAE,OAAF,CAAU,KAAV,EAAiB,KAAjB,EAAwB;AACtB,WAAO;AADe,GAAxB;AAIH,CAXC","file":"/client/main.js.map","sourcesContent":["import { Template } from 'meteor/templating';\nimport { ReactiveVar } from 'meteor/reactive-var';\nimport './main.html';\n\nvar g = new dagreD3.graphlib.Graph()\n\t.setGraph({})\n\t.setDefaultEdgeLabel(function () {\n\t  return {};\n\t});\n\n// svg_edge_label = document.createElementNS('http://www.w3.org/2000/svg', 'text');\n// edge_tspan = document.createElementNS('http://www.w3.org/2000/svg','tspan');\n// edge_tspan.setAttributeNS('http://www.w3.org/XML/1998/namespace', 'xml:space', 'preserve');\n// edge_tspan.setAttribute('dy', '1em');\n// edge_tspan.setAttribute('x', '1');\n// edge_link = document.createElementNS('http://www.w3.org/2000/svg', 'a');\n// edge_link.setAttributeNS('http://www.w3.org/1999/xlink', 'xlink:href', 'http://google.com/');\n// edge_link.setAttribute('target', '_blank');\n// edge_link.textContent = 'IE Capable Edge link';\n// edge_tspan.appendChild(edge_link);\n// svg_edge_label.appendChild(edge_tspan);\n\ng.setNode(0, {label: \"A\"});\ng.setNode(1, {label: \"B\"});\ng.setNode(2, {label: \"C\"});\ng.setNode(3, {label: \"D\"});\n\ng.setEdge(0, 1, {label: \"edge1\"});\ng.setEdge(0, 2, {label: \"edge2\"});\n\ng.setEdge(0, 1, {\n  style: \"stroke-width: 4px; opacity:0.1;\"\n});\n\n\n// console.log(\"g.edge:\"+ g.edge);\n\nvar render = new dagreD3.render();\nvar svg = d3.select(\"body\").append(\"svg\"),\n    svgGroup = svg.append(\"g\");\nrender(d3.select(\"svg g\"), g);\n\n  var svg = d3.select(\"svg\");\n\ng.nodes().forEach(function(v) {\n  var node = g.node(v);\n  // node.rx = node.ry = 5;\n});\n\ng.edges().forEach(function(e) {\n  var edge = g.edge(e);\n  console.log(edge);\n  // edge.style(\"stroke-width\",5);// node.rx = node.ry = 5;\n  // can probably write in my own _onclick function for all edgepath this way.\n  // find away to access .attr('stroke-width')\n\n});\n\n\n// RENDER A TOOL TIP\n\n    inner = svg.append(\"g\");\n\n  // Simple function to style the tooltip for the given node.\nvar styleTooltip = function(name, description) {\n  return \"bla\";\n};\n\n// Run the renderer. This is what draws the final graph.\nrender(inner, g);\n\ninner.selectAll(\"g.node\")\n  .attr(\"title\", function(v) { return styleTooltip(v, g.node(v).bamboo) })\n  .each(function(v) { $(this).tipsy({ gravity: \"w\", opacity: 1 }); });\n\n  svg.selectAll('g.edgePath').each(function() {\n  console.log(\"d3thing\"+d3.select(this).attr('id')); // Logs the id attribute.\n});\n\n// GET EDGE TOOLTIP TO WORK\ninner.selectAll(\"g.edgePath\")\n  .attr(\"title\", function(e) { return styleTooltip(e, g.edge(e).label) })\n  .each(function(e) { $(this).tipsy({ gravity: \"w\", opacity: 0.5 }); });\n\n\n\n// RESPOND TO CLICKS\n\n  svg.selectAll(\"g.node\").on(\"click\", function(id) {\n        var _node = g.node(id);\n        // console.log(\"Clicked \" + id,_node);\n        // Session.set(\"lastnode\",id);\n        console.log(\"Node:\" + id);\n  });\n\n  svg.selectAll(\"g.edgePath\").on(\"click\", function(id) {\n    // var clickededge = this.childNodes[1].childNodes[0].getAttribute('id');\n    console.log(this)\n    console.log(this.childNodes[1].childNodes[0])\n    var edgev = this.__data__.v;\n    var edgew = this.__data__.w;\n    console.log (edgev+ \"going to\"+ edgew);\n    g.setEdge(edgev, edgew, {\n      style: \"stroke: #f66;\"\n      });\n    \n});\n\n//   Template.map.rendered = function(){\n//   // Nodes.find().observe({\n//   //   added: function (){\n//   //   }\n//   // });\n// }\n\n\n \n"]},"hash":"4aeacd2979fd35057aad8aaedf008802dbc40748"}
