{"metadata":{"usedHelpers":[],"marked":[],"modules":{"imports":[],"exports":{"exported":[],"specifiers":[]}}},"options":{"filename":"/packages/webapp/webapp_client_tests.js","filenameRelative":"/packages/webapp/webapp_client_tests.js","env":{},"retainLines":false,"highlightCode":true,"suppressDeprecationMessages":false,"presets":[],"plugins":[[[],{"polyfill":false}],[[],{"allowTopLevelThis":true,"strict":false,"loose":true}],[[],null],[[],null],[[],null],[[],null],[[],null],[[],null],[[],null],[[],null],[[],null],[[],null],[[],null],[[],null],[[],null],[[],{"loose":true}],[[],{"loose":true}],[[],null],[[],{"loose":true}],[[],null],[[],null],[[],null],[[],null],[[],null],[[],null],[[],null],[[],{"loose":true}],[[],null],[[],null],[[],null],[[],null],[[],null],[[],null],[[],null],[[],null]],"ignore":[],"code":true,"metadata":true,"ast":false,"comments":true,"compact":false,"minified":false,"sourceMap":true,"sourceMaps":true,"sourceMapTarget":"/packages/webapp/webapp_client_tests.js.map","sourceFileName":"/packages/webapp/webapp_client_tests.js","babelrc":false,"sourceType":"module","moduleIds":false,"passPerPreset":false,"basename":"webapp_client_tests"},"ignored":false,"code":"// Regression test for #3730\nTinytest.add(\"webapp - runtime config\", function (test) {\n  test.equal(__meteor_runtime_config__.WEBAPP_TEST_A, '<p>foo</p>');\n  test.equal(__meteor_runtime_config__.WEBAPP_TEST_B, '</script>');\n});","ast":null,"map":{"version":3,"sources":["/packages/webapp/webapp_client_tests.js"],"names":[],"mappings":";AACA,SAAS,GAAT,CAAa,yBAAb,EAAwC,UAAU,IAAV,EAAgB;AACtD,OAAK,KAAL,CAAW,0BAA0B,aAArC,EAAoD,YAApD;AACA,OAAK,KAAL,CAAW,0BAA0B,aAArC,EAAoD,WAApD;AACD,CAHD","file":"/packages/webapp/webapp_client_tests.js.map","sourcesContent":["// Regression test for #3730\nTinytest.add(\"webapp - runtime config\", function (test) {\n  test.equal(__meteor_runtime_config__.WEBAPP_TEST_A, '<p>foo</p>');\n  test.equal(__meteor_runtime_config__.WEBAPP_TEST_B, '</script>');\n});\n"]},"hash":"535d14d1396213fa103342bc9e555ac79129eed5"}
