{"metadata":{"usedHelpers":[],"marked":[],"modules":{"imports":[{"source":"meteor/templating","imported":["Template"],"specifiers":[{"kind":"named","imported":"Template","local":"Template"}]},{"source":"meteor/reactive-var","imported":["ReactiveVar"],"specifiers":[{"kind":"named","imported":"ReactiveVar","local":"ReactiveVar"}]},{"source":"./main.html","imported":[],"specifiers":[]}],"exports":{"exported":[],"specifiers":[]}}},"options":{"filename":"/client/main.js","filenameRelative":"/client/main.js","env":{},"retainLines":false,"highlightCode":true,"suppressDeprecationMessages":false,"presets":[],"plugins":[[[],{"polyfill":false}],[[],null],[[],null],[[],null],[[],null],[[],null],[[],null],[[],null],[[],null],[[],null],[[],null],[[],null],[[],null],[[],null],[[],null],[[],null],[[],{"loose":true}],[[],{"loose":true}],[[],null],[[],{"loose":true}],[[],null],[[],null],[[],null],[[],null],[[],null],[[],null],[[],null],[[],{"loose":true}],[[],null],[[],null],[[],null],[[],null],[[],null],[[],null],[[],null],[[],null]],"ignore":[],"code":true,"metadata":true,"ast":false,"comments":true,"compact":false,"minified":false,"sourceMap":true,"sourceMaps":true,"sourceMapTarget":"/client/main.js.map","sourceFileName":"/client/main.js","babelrc":false,"sourceType":"module","moduleIds":false,"passPerPreset":false,"basename":"main"},"ignored":false,"code":"var Template;module.import('meteor/templating',{\"Template\":function(v){Template=v}});var ReactiveVar;module.import('meteor/reactive-var',{\"ReactiveVar\":function(v){ReactiveVar=v}});module.import('./main.html');\n\n\n\nvar g = new dagreD3.graphlib.Graph().setGraph({}).setDefaultEdgeLabel(function () {\n  return {};\n});\n\nsvg_edge_label = document.createElementNS('http://www.w3.org/2000/svg', 'text');\nedge_tspan = document.createElementNS('http://www.w3.org/2000/svg', 'tspan');\nedge_tspan.setAttributeNS('http://www.w3.org/XML/1998/namespace', 'xml:space', 'preserve');\nedge_tspan.setAttribute('dy', '1em');\nedge_tspan.setAttribute('x', '1');\nedge_link = document.createElementNS('http://www.w3.org/2000/svg', 'a');\nedge_link.setAttributeNS('http://www.w3.org/1999/xlink', 'xlink:href', 'http://google.com/');\nedge_link.setAttribute('target', '_blank');\nedge_link.textContent = 'IE Capable Edge link';\nedge_tspan.appendChild(edge_link);\nsvg_edge_label.appendChild(edge_tspan);\n\ng.setNode(0, { label: \"A\" });\ng.setNode(1, { label: \"B\" });\ng.setNode(2, { label: \"C\" });\n\ng.setEdge(0, 1, { labelType: \"svg\", label: svg_edge_label });\n\nvar render = new dagreD3.render();\nvar svg = d3.select(\"body\").append(\"svg\"),\n    svgGroup = svg.append(\"g\");\nrender(d3.select(\"svg g\"), g);\n\nvar svg = d3.select(\"svg\");\nconsole.log(g.edge(1));\nsvg.selectAll(\"g.edge\").on(\"click\", function () {\n  // var _node = g.edge(id);\n  console.log(\"Edge \");\n});\n\n// Check for node click\nvar svg = d3.select(\"svg\");\nsvg.selectAll(\"g.node\").on(\"click\", function (id) {\n  var _node = g.node(id);\n  console.log(\"Clicked \" + id, _node);\n});","ast":null,"map":{"version":3,"sources":["/client/main.js"],"names":[],"mappings":"AAAA,SAAS,QAAT,QAAyB,mBAAzB;AACA,SAAS,WAAT,QAA4B,qBAA5B;AACA,OAAO,aAAP;;AAEA,IAAI,IAAI,IAAI,QAAQ,QAAR,CAAiB,KAArB,GACN,QADM,CACG,EADH,EAEN,mBAFM,CAEc,YAAY;AAC/B,SAAO,EAAP;AACD,CAJM,CAAR;;AAMA,iBAAiB,SAAS,eAAT,CAAyB,4BAAzB,EAAuD,MAAvD,CAAjB;AACA,aAAa,SAAS,eAAT,CAAyB,4BAAzB,EAAsD,OAAtD,CAAb;AACA,WAAW,cAAX,CAA0B,sCAA1B,EAAkE,WAAlE,EAA+E,UAA/E;AACA,WAAW,YAAX,CAAwB,IAAxB,EAA8B,KAA9B;AACA,WAAW,YAAX,CAAwB,GAAxB,EAA6B,GAA7B;AACA,YAAY,SAAS,eAAT,CAAyB,4BAAzB,EAAuD,GAAvD,CAAZ;AACA,UAAU,cAAV,CAAyB,8BAAzB,EAAyD,YAAzD,EAAuE,oBAAvE;AACA,UAAU,YAAV,CAAuB,QAAvB,EAAiC,QAAjC;AACA,UAAU,WAAV,GAAwB,sBAAxB;AACA,WAAW,WAAX,CAAuB,SAAvB;AACA,eAAe,WAAf,CAA2B,UAA3B;;AAEA,EAAE,OAAF,CAAU,CAAV,EAAa,EAAC,OAAO,GAAR,EAAb;AACA,EAAE,OAAF,CAAU,CAAV,EAAa,EAAC,OAAO,GAAR,EAAb;AACA,EAAE,OAAF,CAAU,CAAV,EAAa,EAAC,OAAO,GAAR,EAAb;;AAEA,EAAE,OAAF,CAAU,CAAV,EAAa,CAAb,EAAgB,EAAE,WAAW,KAAb,EAAoB,OAAO,cAA3B,EAAhB;;AAGA,IAAI,SAAS,IAAI,QAAQ,MAAZ,EAAb;AACA,IAAI,MAAM,GAAG,MAAH,CAAU,MAAV,EAAkB,MAAlB,CAAyB,KAAzB,CAAV;AAAA,IACI,WAAW,IAAI,MAAJ,CAAW,GAAX,CADf;AAEA,OAAO,GAAG,MAAH,CAAU,OAAV,CAAP,EAA2B,CAA3B;;AAEE,IAAI,MAAM,GAAG,MAAH,CAAU,KAAV,CAAV;AACA,QAAQ,GAAR,CAAY,EAAE,IAAF,CAAO,CAAP,CAAZ;AACA,IAAI,SAAJ,CAAc,QAAd,EAAwB,EAAxB,CAA2B,OAA3B,EAAoC,YAAW;;AAE7C,UAAQ,GAAR,CAAY,OAAZ;AACD,CAHD;;;AAMI,IAAI,MAAM,GAAG,MAAH,CAAU,KAAV,CAAV;AACA,IAAI,SAAJ,CAAc,QAAd,EAAwB,EAAxB,CAA2B,OAA3B,EAAoC,UAAS,EAAT,EAAa;AAC/C,MAAI,QAAQ,EAAE,IAAF,CAAO,EAAP,CAAZ;AACA,UAAQ,GAAR,CAAY,aAAa,EAAzB,EAA4B,KAA5B;AACD,CAHD","file":"/client/main.js.map","sourcesContent":["import { Template } from 'meteor/templating';\nimport { ReactiveVar } from 'meteor/reactive-var';\nimport './main.html';\n\nvar g = new dagreD3.graphlib.Graph()\n\t.setGraph({})\n\t.setDefaultEdgeLabel(function () {\n\t  return {};\n\t});\n\nsvg_edge_label = document.createElementNS('http://www.w3.org/2000/svg', 'text');\nedge_tspan = document.createElementNS('http://www.w3.org/2000/svg','tspan');\nedge_tspan.setAttributeNS('http://www.w3.org/XML/1998/namespace', 'xml:space', 'preserve');\nedge_tspan.setAttribute('dy', '1em');\nedge_tspan.setAttribute('x', '1');\nedge_link = document.createElementNS('http://www.w3.org/2000/svg', 'a');\nedge_link.setAttributeNS('http://www.w3.org/1999/xlink', 'xlink:href', 'http://google.com/');\nedge_link.setAttribute('target', '_blank');\nedge_link.textContent = 'IE Capable Edge link';\nedge_tspan.appendChild(edge_link);\nsvg_edge_label.appendChild(edge_tspan);\n\ng.setNode(0, {label: \"A\"});\ng.setNode(1, {label: \"B\"});\ng.setNode(2, {label: \"C\"});\n\ng.setEdge(0, 1, { labelType: \"svg\", label: svg_edge_label});\n\n\nvar render = new dagreD3.render();\nvar svg = d3.select(\"body\").append(\"svg\"),\n    svgGroup = svg.append(\"g\");\nrender(d3.select(\"svg g\"), g);\n\n  var svg = d3.select(\"svg\");\n  console.log(g.edge(1))\n  svg.selectAll(\"g.edge\").on(\"click\", function() {\n    // var _node = g.edge(id);\n    console.log(\"Edge \");\n  });\n\n      // Check for node click\n      var svg = d3.select(\"svg\");\n      svg.selectAll(\"g.node\").on(\"click\", function(id) {\n        var _node = g.node(id);\n        console.log(\"Clicked \" + id,_node);\n      });\n\n\n"]},"hash":"8a6ceedd01d71959b87fcd608b18870c63c513e7"}
