{"metadata":{"usedHelpers":[],"marked":[],"modules":{"imports":[{"source":"meteor/templating","imported":["Template"],"specifiers":[{"kind":"named","imported":"Template","local":"Template"}]},{"source":"meteor/reactive-var","imported":["ReactiveVar"],"specifiers":[{"kind":"named","imported":"ReactiveVar","local":"ReactiveVar"}]},{"source":"./main.html","imported":[],"specifiers":[]}],"exports":{"exported":[],"specifiers":[]}}},"options":{"filename":"/client/main.js","filenameRelative":"/client/main.js","env":{},"retainLines":false,"highlightCode":true,"suppressDeprecationMessages":false,"presets":[],"plugins":[[[],{"polyfill":false}],[[],null],[[],null],[[],null],[[],null],[[],null],[[],null],[[],null],[[],null],[[],null],[[],null],[[],null],[[],null],[[],null],[[],null],[[],null],[[],{"loose":true}],[[],{"loose":true}],[[],null],[[],{"loose":true}],[[],null],[[],null],[[],null],[[],null],[[],null],[[],null],[[],null],[[],{"loose":true}],[[],null],[[],null],[[],null],[[],null],[[],null],[[],null],[[],null],[[],null]],"ignore":[],"code":true,"metadata":true,"ast":false,"comments":true,"compact":false,"minified":false,"sourceMap":true,"sourceMaps":true,"sourceMapTarget":"/client/main.js.map","sourceFileName":"/client/main.js","babelrc":false,"sourceType":"module","moduleIds":false,"passPerPreset":false,"basename":"main"},"ignored":false,"code":"var Template;module.import('meteor/templating',{\"Template\":function(v){Template=v}});var ReactiveVar;module.import('meteor/reactive-var',{\"ReactiveVar\":function(v){ReactiveVar=v}});module.import('./main.html');\n\n\n\n\nvar g = new dagreD3.graphlib.Graph().setGraph({}).setDefaultEdgeLabel(function () {\n\treturn {};\n});\n\nsvg_edge_label = document.createElementNS('http://www.w3.org/2000/svg', 'text');\nedge_tspan = document.createElementNS('http://www.w3.org/2000/svg', 'tspan');\nedge_tspan.setAttributeNS('http://www.w3.org/XML/1998/namespace', 'xml:space', 'preserve');\nedge_tspan.setAttribute('dy', '1em');\nedge_tspan.setAttribute('x', '1');\nedge_link = document.createElementNS('http://www.w3.org/2000/svg', 'a');\nedge_link.setAttributeNS('http://www.w3.org/1999/xlink', 'xlink:href', 'http://google.com/');\nedge_link.setAttribute('target', '_blank');\nedge_link.textContent = 'IE Capable Edge link';\nedge_tspan.appendChild(edge_link);\nsvg_edge_label.appendChild(edge_tspan);\n\ng.setNode(0, { label: \"A\" });\ng.setNode(1, { label: \"B\" });\ng.setNode(2, { label: \"C\" });\n\ng.setEdge(0, 1, { labelType: \"svg\", label: svg_edge_label });\ng.setEdge(0, 2, { labelType: \"html\", label: \"<a href=\\\"http://google.com\\\">link</a>\" });\n\nvar render = new dagreD3.render();\nvar svg = d3.select(\"body\").append(\"svg\"),\n    svgGroup = svg.append(\"g\");\nrender(d3.select(\"svg g\"), g);","ast":null,"map":{"version":3,"sources":["/client/main.js"],"names":[],"mappings":"AAAA,SAAS,QAAT,QAAyB,mBAAzB;AACA,SAAS,WAAT,QAA4B,qBAA5B;;AAEA,OAAO,aAAP;;AAGA,IAAI,IAAI,IAAI,QAAQ,QAAR,CAAiB,KAArB,GACN,QADM,CACG,EADH,EAEN,mBAFM,CAEc,YAAY;AAC/B,QAAO,EAAP;AACD,CAJM,CAAR;;AAMA,iBAAiB,SAAS,eAAT,CAAyB,4BAAzB,EAAuD,MAAvD,CAAjB;AACA,aAAa,SAAS,eAAT,CAAyB,4BAAzB,EAAsD,OAAtD,CAAb;AACA,WAAW,cAAX,CAA0B,sCAA1B,EAAkE,WAAlE,EAA+E,UAA/E;AACA,WAAW,YAAX,CAAwB,IAAxB,EAA8B,KAA9B;AACA,WAAW,YAAX,CAAwB,GAAxB,EAA6B,GAA7B;AACA,YAAY,SAAS,eAAT,CAAyB,4BAAzB,EAAuD,GAAvD,CAAZ;AACA,UAAU,cAAV,CAAyB,8BAAzB,EAAyD,YAAzD,EAAuE,oBAAvE;AACA,UAAU,YAAV,CAAuB,QAAvB,EAAiC,QAAjC;AACA,UAAU,WAAV,GAAwB,sBAAxB;AACA,WAAW,WAAX,CAAuB,SAAvB;AACA,eAAe,WAAf,CAA2B,UAA3B;;AAEA,EAAE,OAAF,CAAU,CAAV,EAAa,EAAC,OAAO,GAAR,EAAb;AACA,EAAE,OAAF,CAAU,CAAV,EAAa,EAAC,OAAO,GAAR,EAAb;AACA,EAAE,OAAF,CAAU,CAAV,EAAa,EAAC,OAAO,GAAR,EAAb;;AAEA,EAAE,OAAF,CAAU,CAAV,EAAa,CAAb,EAAgB,EAAE,WAAW,KAAb,EAAoB,OAAO,cAA3B,EAAhB;AACA,EAAE,OAAF,CAAU,CAAV,EAAa,CAAb,EAAgB,EAAE,WAAW,MAAb,EAAqB,OAAO,wCAA5B,EAAhB;;AAEA,IAAI,SAAS,IAAI,QAAQ,MAAZ,EAAb;AACA,IAAI,MAAM,GAAG,MAAH,CAAU,MAAV,EAAkB,MAAlB,CAAyB,KAAzB,CAAV;AAAA,IACI,WAAW,IAAI,MAAJ,CAAW,GAAX,CADf;AAEA,OAAO,GAAG,MAAH,CAAU,OAAV,CAAP,EAA2B,CAA3B","file":"/client/main.js.map","sourcesContent":["import { Template } from 'meteor/templating';\nimport { ReactiveVar } from 'meteor/reactive-var';\n\nimport './main.html';\n\n\nvar g = new dagreD3.graphlib.Graph()\n\t.setGraph({})\n\t.setDefaultEdgeLabel(function () {\n\t  return {};\n\t});\n\nsvg_edge_label = document.createElementNS('http://www.w3.org/2000/svg', 'text');\nedge_tspan = document.createElementNS('http://www.w3.org/2000/svg','tspan');\nedge_tspan.setAttributeNS('http://www.w3.org/XML/1998/namespace', 'xml:space', 'preserve');\nedge_tspan.setAttribute('dy', '1em');\nedge_tspan.setAttribute('x', '1');\nedge_link = document.createElementNS('http://www.w3.org/2000/svg', 'a');\nedge_link.setAttributeNS('http://www.w3.org/1999/xlink', 'xlink:href', 'http://google.com/');\nedge_link.setAttribute('target', '_blank');\nedge_link.textContent = 'IE Capable Edge link';\nedge_tspan.appendChild(edge_link);\nsvg_edge_label.appendChild(edge_tspan);\n\ng.setNode(0, {label: \"A\"});\ng.setNode(1, {label: \"B\"});\ng.setNode(2, {label: \"C\"});\n\ng.setEdge(0, 1, { labelType: \"svg\", label: svg_edge_label});\ng.setEdge(0, 2, { labelType: \"html\", label: \"<a href=\\\"http://google.com\\\">link</a>\"});\n\nvar render = new dagreD3.render();\nvar svg = d3.select(\"body\").append(\"svg\"),\n    svgGroup = svg.append(\"g\");\nrender(d3.select(\"svg g\"), g);\n\n\n\n"]},"hash":"98dbb6fa12db2e86f3f6a6a59cc8645b4eacaea9"}
