{"metadata":{"usedHelpers":[],"marked":[],"modules":{"imports":[],"exports":{"exported":[],"specifiers":[]}}},"options":{"filename":"/packages/webapp/webapp_client.js","filenameRelative":"/packages/webapp/webapp_client.js","env":{},"retainLines":false,"highlightCode":true,"suppressDeprecationMessages":false,"presets":[],"plugins":[[[],{"polyfill":false}],[[],null],[[],null],[[],{"allowTopLevelThis":true,"strict":false,"loose":true}],[[],null],[[],null],[[],null],[[],null],[[],null],[[],null],[[],null],[[],null],[[],null],[[],null],[[],null],[[],null],[[],null],[[],{"loose":true}],[[],{"loose":true}],[[],null],[[],{"loose":true}],[[],null],[[],null],[[],null],[[],null],[[],null],[[],null],[[],null],[[],{"loose":true}],[[],null],[[],null],[[],null],[[],null],[[],null],[[],null],[[],null],[[],null]],"ignore":[],"code":true,"metadata":true,"ast":false,"comments":true,"compact":false,"minified":false,"sourceMap":true,"sourceMaps":true,"sourceMapTarget":"/packages/webapp/webapp_client.js.map","sourceFileName":"/packages/webapp/webapp_client.js","babelrc":false,"sourceType":"module","moduleIds":false,"passPerPreset":false,"basename":"webapp_client"},"ignored":false,"code":"WebApp = {\n\n  _isCssLoaded: function () {\n    function _isCssLoaded() {\n      if (document.styleSheets.length === 0) return true;\n\n      return _.find(document.styleSheets, function (sheet) {\n        if (sheet.cssText && !sheet.cssRules) // IE8\n          return !sheet.cssText.match(/meteor-css-not-found-error/);\n        return !_.find(sheet.cssRules, function (rule) {\n          return rule.selectorText === '.meteor-css-not-found-error';\n        });\n      });\n    }\n\n    return _isCssLoaded;\n  }()\n};","ast":null,"map":{"version":3,"sources":["/packages/webapp/webapp_client.js"],"names":[],"mappings":"AAAA,SAAS;;AAEP;AAAc,4BAAY;AACxB,UAAI,SAAS,WAAT,CAAqB,MAArB,KAAgC,CAApC,EACE,OAAO,IAAP;;AAEF,aAAO,EAAE,IAAF,CAAO,SAAS,WAAhB,EAA6B,UAAU,KAAV,EAAiB;AACnD,YAAI,MAAM,OAAN,IAAiB,CAAC,MAAM,QAA5B,E;AACE,iBAAO,CAAC,MAAM,OAAN,CAAc,KAAd,CAAoB,4BAApB,CAAR;AACF,eAAO,CAAC,EAAE,IAAF,CAAO,MAAM,QAAb,EAAuB,UAAU,IAAV,EAAgB;AAC7C,iBAAO,KAAK,YAAL,KAAsB,6BAA7B;AACD,SAFO,CAAR;AAGD,OANM,CAAP;AAOD;;AAXD;AAAA;AAFO,CAAT","file":"/packages/webapp/webapp_client.js.map","sourcesContent":["WebApp = {\n\n  _isCssLoaded: function () {\n    if (document.styleSheets.length === 0)\n      return true;\n\n    return _.find(document.styleSheets, function (sheet) {\n      if (sheet.cssText && !sheet.cssRules) // IE8\n        return !sheet.cssText.match(/meteor-css-not-found-error/);\n      return !_.find(sheet.cssRules, function (rule) {\n        return rule.selectorText === '.meteor-css-not-found-error';\n      });\n    });\n  }\n};\n"]},"hash":"c69c13fa47abfea99643a00b86055ae851cb22e9"}
