{"metadata":{"usedHelpers":[],"marked":[],"modules":{"imports":[],"exports":{"exported":[],"specifiers":[]}}},"options":{"filename":"/packages/ddp-server/server_convenience.js","filenameRelative":"/packages/ddp-server/server_convenience.js","env":{},"retainLines":false,"highlightCode":true,"suppressDeprecationMessages":false,"presets":[],"plugins":[[[],{"polyfill":false}],[[],{"allowTopLevelThis":true,"strict":false,"loose":true}],[[],null],[[],null],[[],null],[[],null],[[],null],[[],null],[[],null],[[],null],[[],null],[[],null],[[],null],[[],null],[[],null],[[],{"loose":true}],[[],{"loose":true}],[[],null],[[],{"loose":true}],[[],null],[[],null],[[],null],[[],null],[[],null],[[],null],[[],null],[[],{"loose":true}],[[],null],[[],null],[[],null],[[],null],[[],null],[[],null],[[],null],[[],null]],"ignore":[],"code":true,"metadata":true,"ast":false,"comments":true,"compact":false,"minified":false,"sourceMap":true,"sourceMaps":true,"sourceMapTarget":"/packages/ddp-server/server_convenience.js.map","sourceFileName":"/packages/ddp-server/server_convenience.js","babelrc":false,"sourceType":"module","moduleIds":false,"passPerPreset":false,"basename":"server_convenience"},"ignored":false,"code":"if (process.env.DDP_DEFAULT_CONNECTION_URL) {\n  __meteor_runtime_config__.DDP_DEFAULT_CONNECTION_URL = process.env.DDP_DEFAULT_CONNECTION_URL;\n}\n\nMeteor.server = new Server();\n\nMeteor.refresh = function (notification) {\n  DDPServer._InvalidationCrossbar.fire(notification);\n};\n\n// Proxy the public methods of Meteor.server so they can\n// be called directly on Meteor.\n_.each(['publish', 'methods', 'call', 'apply', 'onConnection'], function (name) {\n  Meteor[name] = _.bind(Meteor.server[name], Meteor.server);\n});\n\n// Meteor.server used to be called Meteor.default_server. Provide\n// backcompat as a courtesy even though it was never documented.\n// XXX COMPAT WITH 0.6.4\nMeteor.default_server = Meteor.server;","ast":null,"map":{"version":3,"sources":["/packages/ddp-server/server_convenience.js"],"names":[],"mappings":"AAAA,IAAI,QAAQ,GAAR,CAAY,0BAAhB,EAA4C;AAC1C,4BAA0B,0BAA1B,GACE,QAAQ,GAAR,CAAY,0BADd;AAED;;AAED,OAAO,MAAP,GAAgB,IAAI,MAAJ,EAAhB;;AAEA,OAAO,OAAP,GAAiB,UAAU,YAAV,EAAwB;AACvC,YAAU,qBAAV,CAAgC,IAAhC,CAAqC,YAArC;AACD,CAFD;;;;AAMA,EAAE,IAAF,CAAO,CAAC,SAAD,EAAY,SAAZ,EAAuB,MAAvB,EAA+B,OAA/B,EAAwC,cAAxC,CAAP,EACO,UAAU,IAAV,EAAgB;AACd,SAAO,IAAP,IAAe,EAAE,IAAF,CAAO,OAAO,MAAP,CAAc,IAAd,CAAP,EAA4B,OAAO,MAAnC,CAAf;AACD,CAHR;;;;;AAQA,OAAO,cAAP,GAAwB,OAAO,MAA/B","file":"/packages/ddp-server/server_convenience.js.map","sourcesContent":["if (process.env.DDP_DEFAULT_CONNECTION_URL) {\n  __meteor_runtime_config__.DDP_DEFAULT_CONNECTION_URL =\n    process.env.DDP_DEFAULT_CONNECTION_URL;\n}\n\nMeteor.server = new Server;\n\nMeteor.refresh = function (notification) {\n  DDPServer._InvalidationCrossbar.fire(notification);\n};\n\n// Proxy the public methods of Meteor.server so they can\n// be called directly on Meteor.\n_.each(['publish', 'methods', 'call', 'apply', 'onConnection'],\n       function (name) {\n         Meteor[name] = _.bind(Meteor.server[name], Meteor.server);\n       });\n\n// Meteor.server used to be called Meteor.default_server. Provide\n// backcompat as a courtesy even though it was never documented.\n// XXX COMPAT WITH 0.6.4\nMeteor.default_server = Meteor.server;\n"]},"hash":"dc677cfcc28b1b8d32ccae7ebb1560dd4985c5a2"}
