{"metadata":{"usedHelpers":["typeof"],"marked":[],"modules":{"imports":[],"exports":{"exported":[],"specifiers":[]}}},"options":{"filename":"/client/jquery.tipsy.js","filenameRelative":"/client/jquery.tipsy.js","env":{},"retainLines":false,"highlightCode":true,"suppressDeprecationMessages":false,"presets":[],"plugins":[[[],{"polyfill":false}],[[],null],[[],null],[[],null],[[],null],[[],null],[[],null],[[],null],[[],null],[[],null],[[],null],[[],null],[[],null],[[],null],[[],null],[[],null],[[],{"loose":true}],[[],{"loose":true}],[[],null],[[],{"loose":true}],[[],null],[[],null],[[],null],[[],null],[[],null],[[],null],[[],null],[[],{"loose":true}],[[],null],[[],null],[[],null],[[],null],[[],null],[[],null],[[],null],[[],null]],"ignore":[],"code":true,"metadata":true,"ast":false,"comments":true,"compact":false,"minified":false,"sourceMap":true,"sourceMaps":true,"sourceMapTarget":"/client/jquery.tipsy.js.map","sourceFileName":"/client/jquery.tipsy.js","babelrc":false,"sourceType":"module","moduleIds":false,"passPerPreset":false,"basename":"jquery.tipsy"},"ignored":false,"code":"var _typeof;module.import('babel-runtime/helpers/typeof',{\"default\":function(v){_typeof=v}});\n\n(function ($) {\n\n    function maybeCall(thing, ctx) {\n        return typeof thing == 'function' ? thing.call(ctx) : thing;\n    }\n\n    function Tipsy(element, options) {\n        this.$element = $(element);\n        this.options = options;\n        this.enabled = true;\n        this.fixTitle();\n    }\n\n    Tipsy.prototype = {\n        show: function () {\n            function show() {\n                var title = this.getTitle();\n                if (title && this.enabled) {\n                    var $tip = this.tip();\n\n                    $tip.find('.tipsy-inner')[this.options.html ? 'html' : 'text'](title);\n                    $tip[0].className = 'tipsy'; // reset classname in case of dynamic gravity\n                    $tip.remove().css({ top: 0, left: 0, visibility: 'hidden', display: 'block' }).prependTo(document.body);\n\n                    var pos = $.extend({}, this.$element.offset(), {\n                        width: this.$element[0].offsetWidth || 0,\n                        height: this.$element[0].offsetHeight || 0\n                    });\n\n                    if (_typeof(this.$element[0].nearestViewportElement) == 'object') {\n                        // SVG\n                        var el = this.$element[0];\n                        var rect = el.getBoundingClientRect();\n                        pos.width = rect.width;\n                        pos.height = rect.height;\n                    }\n\n                    var actualWidth = $tip[0].offsetWidth,\n                        actualHeight = $tip[0].offsetHeight,\n                        gravity = maybeCall(this.options.gravity, this.$element[0]);\n\n                    var tp;\n                    switch (gravity.charAt(0)) {\n                        case 'n':\n                            tp = { top: pos.top + pos.height + this.options.offset, left: pos.left + pos.width / 2 - actualWidth / 2 };\n                            break;\n                        case 's':\n                            tp = { top: pos.top - actualHeight - this.options.offset, left: pos.left + pos.width / 2 - actualWidth / 2 };\n                            break;\n                        case 'e':\n                            tp = { top: pos.top + pos.height / 2 - actualHeight / 2, left: pos.left - actualWidth - this.options.offset };\n                            break;\n                        case 'w':\n                            tp = { top: pos.top + pos.height / 2 - actualHeight / 2, left: pos.left + pos.width + this.options.offset };\n                            break;\n                    }\n\n                    if (gravity.length == 2) {\n                        if (gravity.charAt(1) == 'w') {\n                            tp.left = pos.left + pos.width / 2 - 15;\n                        } else {\n                            tp.left = pos.left + pos.width / 2 - actualWidth + 15;\n                        }\n                    }\n\n                    $tip.css(tp).addClass('tipsy-' + gravity);\n                    $tip.find('.tipsy-arrow')[0].className = 'tipsy-arrow tipsy-arrow-' + gravity.charAt(0);\n                    if (this.options.className) {\n                        $tip.addClass(maybeCall(this.options.className, this.$element[0]));\n                    }\n\n                    if (this.options.fade) {\n                        $tip.stop().css({ opacity: 0, display: 'block', visibility: 'visible' }).animate({ opacity: this.options.opacity });\n                    } else {\n                        $tip.css({ visibility: 'visible', opacity: this.options.opacity });\n                    }\n\n                    var t = this;\n                    var set_hovered = function () {\n                        function set_hovered(set_hover) {\n                            return function () {\n                                t.$tip.stop();\n                                t.tipHovered = set_hover;\n                                if (!set_hover) {\n                                    if (t.options.delayOut === 0) {\n                                        t.hide();\n                                    } else {\n                                        setTimeout(function () {\n                                            if (t.hoverState == 'out') t.hide();\n                                        }, t.options.delayOut);\n                                    }\n                                }\n                            };\n                        }\n\n                        return set_hovered;\n                    }();\n                    $tip.hover(set_hovered(true), set_hovered(false));\n                }\n            }\n\n            return show;\n        }(),\n\n        hide: function () {\n            function hide() {\n                if (this.options.fade) {\n                    this.tip().stop().fadeOut(function () {\n                        $(this).remove();\n                    });\n                } else {\n                    this.tip().remove();\n                }\n            }\n\n            return hide;\n        }(),\n\n        fixTitle: function () {\n            function fixTitle() {\n                var $e = this.$element;\n\n                if ($e.attr('title') || typeof $e.attr('original-title') != 'string') {\n                    $e.attr('original-title', $e.attr('title') || '').removeAttr('title');\n                }\n                if (_typeof($e.context.nearestViewportElement) == 'object') {\n                    if ($e.children('title').length) {\n                        $e.append('<original-title>' + ($e.children('title').text() || '') + '</original-title>').children('title').remove();\n                    }\n                }\n            }\n\n            return fixTitle;\n        }(),\n\n        getTitle: function () {\n            function getTitle() {\n\n                var title,\n                    $e = this.$element,\n                    o = this.options;\n                this.fixTitle();\n\n                if (typeof o.title == 'string') {\n                    var title_name = o.title == 'title' ? 'original-title' : o.title;\n                    if ($e.children(title_name).length) {\n                        title = $e.children(title_name).html();\n                    } else {\n                        title = $e.attr(title_name);\n                    }\n                } else if (typeof o.title == 'function') {\n                    title = o.title.call($e[0]);\n                }\n                title = ('' + title).replace(/(^\\s*|\\s*$)/, \"\");\n                return title || o.fallback;\n            }\n\n            return getTitle;\n        }(),\n\n        tip: function () {\n            function tip() {\n                if (!this.$tip) {\n                    this.$tip = $('<div class=\"tipsy\"></div>').html('<div class=\"tipsy-arrow\"></div><div class=\"tipsy-inner\"></div>');\n                }\n                return this.$tip;\n            }\n\n            return tip;\n        }(),\n\n        validate: function () {\n            function validate() {\n                if (!this.$element[0].parentNode) {\n                    this.hide();\n                    this.$element = null;\n                    this.options = null;\n                }\n            }\n\n            return validate;\n        }(),\n\n        enable: function () {\n            function enable() {\n                this.enabled = true;\n            }\n\n            return enable;\n        }(),\n        disable: function () {\n            function disable() {\n                this.enabled = false;\n            }\n\n            return disable;\n        }(),\n        toggleEnabled: function () {\n            function toggleEnabled() {\n                this.enabled = !this.enabled;\n            }\n\n            return toggleEnabled;\n        }()\n    };\n\n    $.fn.tipsy = function (options) {\n\n        if (options === true) {\n            return this.data('tipsy');\n        } else if (typeof options == 'string') {\n            var tipsy = this.data('tipsy');\n            if (tipsy) tipsy[options]();\n            return this;\n        }\n\n        options = $.extend({}, $.fn.tipsy.defaults, options);\n\n        if (options.hoverlock && options.delayOut === 0) {\n            options.delayOut = 100;\n        }\n\n        function get(ele) {\n            var tipsy = $.data(ele, 'tipsy');\n            if (!tipsy) {\n                tipsy = new Tipsy(ele, $.fn.tipsy.elementOptions(ele, options));\n                $.data(ele, 'tipsy', tipsy);\n            }\n            return tipsy;\n        }\n\n        function enter() {\n            var tipsy = get(this);\n            tipsy.hoverState = 'in';\n            if (options.delayIn === 0) {\n                tipsy.show();\n            } else {\n                tipsy.fixTitle();\n                setTimeout(function () {\n                    if (tipsy.hoverState == 'in') tipsy.show();\n                }, options.delayIn);\n            }\n        }\n\n        function leave() {\n            var tipsy = get(this);\n            tipsy.hoverState = 'out';\n            if (options.delayOut === 0) {\n                tipsy.hide();\n            } else {\n                var to = function to() {\n                    if (!tipsy.tipHovered || !options.hoverlock) {\n                        if (tipsy.hoverState == 'out') tipsy.hide();\n                    }\n                };\n                setTimeout(to, options.delayOut);\n            }\n        }\n\n        if (options.trigger != 'manual') {\n            var binder = options.live ? 'live' : 'bind',\n                eventIn = options.trigger == 'hover' ? 'mouseenter' : 'focus',\n                eventOut = options.trigger == 'hover' ? 'mouseleave' : 'blur';\n            this[binder](eventIn, enter)[binder](eventOut, leave);\n        }\n\n        return this;\n    };\n\n    $.fn.tipsy.defaults = {\n        className: null,\n        delayIn: 0,\n        delayOut: 0,\n        fade: false,\n        fallback: '',\n        gravity: 'n',\n        html: false,\n        live: false,\n        offset: 0,\n        opacity: 0.8,\n        title: 'title',\n        trigger: 'hover',\n        hoverlock: false\n    };\n\n    // Overwrite this method to provide options on a per-element basis.\n    // For example, you could store the gravity in a 'tipsy-gravity' attribute:\n    // return $.extend({}, options, {gravity: $(ele).attr('tipsy-gravity') || 'n' });\n    // (remember - do not modify 'options' in place!)\n    $.fn.tipsy.elementOptions = function (ele, options) {\n        return $.metadata ? $.extend({}, options, $(ele).metadata()) : options;\n    };\n\n    $.fn.tipsy.autoNS = function () {\n        return $(this).offset().top > $(document).scrollTop() + $(window).height() / 2 ? 's' : 'n';\n    };\n\n    $.fn.tipsy.autoWE = function () {\n        return $(this).offset().left > $(document).scrollLeft() + $(window).width() / 2 ? 'e' : 'w';\n    };\n\n    /**\n     * yields a closure of the supplied parameters, producing a function that takes\n     * no arguments and is suitable for use as an autogravity function like so:\n     *\n     * @param margin (int) - distance from the viewable region edge that an\n     *        element should be before setting its tooltip's gravity to be away\n     *        from that edge.\n     * @param prefer (string, e.g. 'n', 'sw', 'w') - the direction to prefer\n     *        if there are no viewable region edges effecting the tooltip's\n     *        gravity. It will try to vary from this minimally, for example,\n     *        if 'sw' is preferred and an element is near the right viewable \n     *        region edge, but not the top edge, it will set the gravity for\n     *        that element's tooltip to be 'se', preserving the southern\n     *        component.\n     */\n    $.fn.tipsy.autoBounds = function (margin, prefer) {\n        return function () {\n            var dir = { ns: prefer[0], ew: prefer.length > 1 ? prefer[1] : false },\n                boundTop = $(document).scrollTop() + margin,\n                boundLeft = $(document).scrollLeft() + margin,\n                $this = $(this);\n\n            if ($this.offset().top < boundTop) dir.ns = 'n';\n            if ($this.offset().left < boundLeft) dir.ew = 'w';\n            if ($(window).width() + $(document).scrollLeft() - $this.offset().left < margin) dir.ew = 'e';\n            if ($(window).height() + $(document).scrollTop() - $this.offset().top < margin) dir.ns = 's';\n\n            return dir.ns + (dir.ew ? dir.ew : '');\n        };\n    };\n})(jQuery);","ast":null,"map":{"version":3,"sources":["/client/jquery.tipsy.js"],"names":[],"mappings":";;AACA,CAAC,UAAS,CAAT,EAAY;;AAET,aAAS,SAAT,CAAmB,KAAnB,EAA0B,GAA1B,EAA+B;AAC3B,eAAQ,OAAO,KAAP,IAAgB,UAAjB,GAAgC,MAAM,IAAN,CAAW,GAAX,CAAhC,GAAmD,KAA1D;AACH;;AAED,aAAS,KAAT,CAAe,OAAf,EAAwB,OAAxB,EAAiC;AAC7B,aAAK,QAAL,GAAgB,EAAE,OAAF,CAAhB;AACA,aAAK,OAAL,GAAe,OAAf;AACA,aAAK,OAAL,GAAe,IAAf;AACA,aAAK,QAAL;AACH;;AAED,UAAM,SAAN,GAAkB;AACd;AAAM,4BAAW;AACb,oBAAI,QAAQ,KAAK,QAAL,EAAZ;AACA,oBAAI,SAAS,KAAK,OAAlB,EAA2B;AACvB,wBAAI,OAAO,KAAK,GAAL,EAAX;;AAEA,yBAAK,IAAL,CAAU,cAAV,EAA0B,KAAK,OAAL,CAAa,IAAb,GAAoB,MAApB,GAA6B,MAAvD,EAA+D,KAA/D;AACA,yBAAK,CAAL,EAAQ,SAAR,GAAoB,OAApB,C;AACA,yBAAK,MAAL,GAAc,GAAd,CAAkB,EAAC,KAAK,CAAN,EAAS,MAAM,CAAf,EAAkB,YAAY,QAA9B,EAAwC,SAAS,OAAjD,EAAlB,EAA6E,SAA7E,CAAuF,SAAS,IAAhG;;AAEA,wBAAI,MAAM,EAAE,MAAF,CAAS,EAAT,EAAa,KAAK,QAAL,CAAc,MAAd,EAAb,EAAqC;AAC3C,+BAAO,KAAK,QAAL,CAAc,CAAd,EAAiB,WAAjB,IAAgC,CADI;AAE3C,gCAAQ,KAAK,QAAL,CAAc,CAAd,EAAiB,YAAjB,IAAiC;AAFE,qBAArC,CAAV;;AAKA,wBAAI,QAAO,KAAK,QAAL,CAAc,CAAd,EAAiB,sBAAxB,KAAkD,QAAtD,EAAgE;;AAE3E,4BAAI,KAAK,KAAK,QAAL,CAAc,CAAd,CAAT;AACe,4BAAI,OAAO,GAAG,qBAAH,EAAX;AACf,4BAAI,KAAJ,GAAY,KAAK,KAAjB;AACA,4BAAI,MAAJ,GAAa,KAAK,MAAlB;AACY;;AAGD,wBAAI,cAAc,KAAK,CAAL,EAAQ,WAA1B;AAAA,wBACI,eAAe,KAAK,CAAL,EAAQ,YAD3B;AAAA,wBAEI,UAAU,UAAU,KAAK,OAAL,CAAa,OAAvB,EAAgC,KAAK,QAAL,CAAc,CAAd,CAAhC,CAFd;;AAIA,wBAAI,EAAJ;AACA,4BAAQ,QAAQ,MAAR,CAAe,CAAf,CAAR;AACI,6BAAK,GAAL;AACI,iCAAK,EAAC,KAAK,IAAI,GAAJ,GAAU,IAAI,MAAd,GAAuB,KAAK,OAAL,CAAa,MAA1C,EAAkD,MAAM,IAAI,IAAJ,GAAW,IAAI,KAAJ,GAAY,CAAvB,GAA2B,cAAc,CAAjG,EAAL;AACA;AACJ,6BAAK,GAAL;AACI,iCAAK,EAAC,KAAK,IAAI,GAAJ,GAAU,YAAV,GAAyB,KAAK,OAAL,CAAa,MAA5C,EAAoD,MAAM,IAAI,IAAJ,GAAW,IAAI,KAAJ,GAAY,CAAvB,GAA2B,cAAc,CAAnG,EAAL;AACA;AACJ,6BAAK,GAAL;AACI,iCAAK,EAAC,KAAK,IAAI,GAAJ,GAAU,IAAI,MAAJ,GAAa,CAAvB,GAA2B,eAAe,CAAhD,EAAmD,MAAM,IAAI,IAAJ,GAAW,WAAX,GAAyB,KAAK,OAAL,CAAa,MAA/F,EAAL;AACA;AACJ,6BAAK,GAAL;AACI,iCAAK,EAAC,KAAK,IAAI,GAAJ,GAAU,IAAI,MAAJ,GAAa,CAAvB,GAA2B,eAAe,CAAhD,EAAmD,MAAM,IAAI,IAAJ,GAAW,IAAI,KAAf,GAAuB,KAAK,OAAL,CAAa,MAA7F,EAAL;AACA;AAZR;;AAeA,wBAAI,QAAQ,MAAR,IAAkB,CAAtB,EAAyB;AACrB,4BAAI,QAAQ,MAAR,CAAe,CAAf,KAAqB,GAAzB,EAA8B;AAC1B,+BAAG,IAAH,GAAU,IAAI,IAAJ,GAAW,IAAI,KAAJ,GAAY,CAAvB,GAA2B,EAArC;AACH,yBAFD,MAEO;AACH,+BAAG,IAAH,GAAU,IAAI,IAAJ,GAAW,IAAI,KAAJ,GAAY,CAAvB,GAA2B,WAA3B,GAAyC,EAAnD;AACH;AACJ;;AAED,yBAAK,GAAL,CAAS,EAAT,EAAa,QAAb,CAAsB,WAAW,OAAjC;AACA,yBAAK,IAAL,CAAU,cAAV,EAA0B,CAA1B,EAA6B,SAA7B,GAAyC,6BAA6B,QAAQ,MAAR,CAAe,CAAf,CAAtE;AACA,wBAAI,KAAK,OAAL,CAAa,SAAjB,EAA4B;AACxB,6BAAK,QAAL,CAAc,UAAU,KAAK,OAAL,CAAa,SAAvB,EAAkC,KAAK,QAAL,CAAc,CAAd,CAAlC,CAAd;AACH;;AAED,wBAAI,KAAK,OAAL,CAAa,IAAjB,EAAuB;AACnB,6BAAK,IAAL,GAAY,GAAZ,CAAgB,EAAC,SAAS,CAAV,EAAa,SAAS,OAAtB,EAA+B,YAAY,SAA3C,EAAhB,EAAuE,OAAvE,CAA+E,EAAC,SAAS,KAAK,OAAL,CAAa,OAAvB,EAA/E;AACH,qBAFD,MAEO;AACH,6BAAK,GAAL,CAAS,EAAC,YAAY,SAAb,EAAwB,SAAS,KAAK,OAAL,CAAa,OAA9C,EAAT;AACH;;AAED,wBAAI,IAAI,IAAR;AACA,wBAAI;AAAe,iCAAf,WAAe,CAAS,SAAT,EAAmB;AAClC,mCAAO,YAAU;AACb,kCAAE,IAAF,CAAO,IAAP;AACA,kCAAE,UAAF,GAAe,SAAf;AACA,oCAAI,CAAC,SAAL,EAAe;AACX,wCAAI,EAAE,OAAF,CAAU,QAAV,KAAuB,CAA3B,EAA8B;AAC1B,0CAAE,IAAF;AACH,qCAFD,MAEO;AACH,mDAAW,YAAW;AAClB,gDAAI,EAAE,UAAF,IAAgB,KAApB,EAA2B,EAAE,IAAF;AAAW,yCAD1C,EAC4C,EAAE,OAAF,CAAU,QADtD;AAEH;AACJ;AACJ,6BAXD;AAYH;;AAbG;AAAA,uBAAJ;AAcD,yBAAK,KAAL,CAAW,YAAY,IAAZ,CAAX,EAA8B,YAAY,KAAZ,CAA9B;AACF;AACJ;;AAhFD;AAAA,WADc;;AAmFd;AAAM,4BAAW;AACb,oBAAI,KAAK,OAAL,CAAa,IAAjB,EAAuB;AACnB,yBAAK,GAAL,GAAW,IAAX,GAAkB,OAAlB,CAA0B,YAAW;AAAE,0BAAE,IAAF,EAAQ,MAAR;AAAmB,qBAA1D;AACH,iBAFD,MAEO;AACH,yBAAK,GAAL,GAAW,MAAX;AACH;AACJ;;AAND;AAAA,WAnFc;;AA2Fd;AAAU,gCAAW;AACjB,oBAAI,KAAK,KAAK,QAAd;;AAEA,oBAAI,GAAG,IAAH,CAAQ,OAAR,KAAoB,OAAO,GAAG,IAAH,CAAQ,gBAAR,CAAP,IAAqC,QAA7D,EAAuE;AACnE,uBAAG,IAAH,CAAQ,gBAAR,EAA0B,GAAG,IAAH,CAAQ,OAAR,KAAoB,EAA9C,EAAkD,UAAlD,CAA6D,OAA7D;AACH;AACD,oBAAI,QAAO,GAAG,OAAH,CAAW,sBAAlB,KAA4C,QAAhD,EAAyD;AACrD,wBAAI,GAAG,QAAH,CAAY,OAAZ,EAAqB,MAAzB,EAAgC;AAC5B,2BAAG,MAAH,CAAU,sBAAsB,GAAG,QAAH,CAAY,OAAZ,EAAqB,IAArB,MAA+B,EAArD,IAA2D,mBAArE,EACK,QADL,CACc,OADd,EACuB,MADvB;AAEH;AACJ;AACJ;;AAZD;AAAA,WA3Fc;;AAyGd;AAAU,gCAAW;;AAEjB,oBAAI,KAAJ;AAAA,oBAAW,KAAK,KAAK,QAArB;AAAA,oBAA+B,IAAI,KAAK,OAAxC;AACA,qBAAK,QAAL;;AAEA,oBAAI,OAAO,EAAE,KAAT,IAAkB,QAAtB,EAAgC;AAC5B,wBAAI,aAAa,EAAE,KAAF,IAAW,OAAX,GAAqB,gBAArB,GAAwC,EAAE,KAA3D;AACA,wBAAI,GAAG,QAAH,CAAY,UAAZ,EAAwB,MAA5B,EAAmC;AAC/B,gCAAQ,GAAG,QAAH,CAAY,UAAZ,EAAwB,IAAxB,EAAR;AACH,qBAFD,MAEM;AACF,gCAAQ,GAAG,IAAH,CAAQ,UAAR,CAAR;AACH;AAEJ,iBARD,MAQO,IAAI,OAAO,EAAE,KAAT,IAAkB,UAAtB,EAAkC;AACrC,4BAAQ,EAAE,KAAF,CAAQ,IAAR,CAAa,GAAG,CAAH,CAAb,CAAR;AACH;AACD,wBAAQ,CAAC,KAAK,KAAN,EAAa,OAAb,CAAqB,aAArB,EAAoC,EAApC,CAAR;AACA,uBAAO,SAAS,EAAE,QAAlB;AACH;;AAlBD;AAAA,WAzGc;;AA6Hd;AAAK,2BAAW;AACZ,oBAAI,CAAC,KAAK,IAAV,EAAgB;AACZ,yBAAK,IAAL,GAAY,EAAE,2BAAF,EAA+B,IAA/B,CAAoC,gEAApC,CAAZ;AACH;AACD,uBAAO,KAAK,IAAZ;AACH;;AALD;AAAA,WA7Hc;;AAoId;AAAU,gCAAW;AACjB,oBAAI,CAAC,KAAK,QAAL,CAAc,CAAd,EAAiB,UAAtB,EAAkC;AAC9B,yBAAK,IAAL;AACA,yBAAK,QAAL,GAAgB,IAAhB;AACA,yBAAK,OAAL,GAAe,IAAf;AACH;AACJ;;AAND;AAAA,WApIc;;AA4Id;AAAQ,8BAAW;AAAE,qBAAK,OAAL,GAAe,IAAf;AAAsB;;AAA3C;AAAA,WA5Ic;AA6Id;AAAS,+BAAW;AAAE,qBAAK,OAAL,GAAe,KAAf;AAAuB;;AAA7C;AAAA,WA7Ic;AA8Id;AAAe,qCAAW;AAAE,qBAAK,OAAL,GAAe,CAAC,KAAK,OAArB;AAA+B;;AAA3D;AAAA;AA9Ic,KAAlB;;AAiJA,MAAE,EAAF,CAAK,KAAL,GAAa,UAAS,OAAT,EAAkB;;AAE3B,YAAI,YAAY,IAAhB,EAAsB;AAClB,mBAAO,KAAK,IAAL,CAAU,OAAV,CAAP;AACH,SAFD,MAEO,IAAI,OAAO,OAAP,IAAkB,QAAtB,EAAgC;AACnC,gBAAI,QAAQ,KAAK,IAAL,CAAU,OAAV,CAAZ;AACA,gBAAI,KAAJ,EAAW,MAAM,OAAN;AACX,mBAAO,IAAP;AACH;;AAED,kBAAU,EAAE,MAAF,CAAS,EAAT,EAAa,EAAE,EAAF,CAAK,KAAL,CAAW,QAAxB,EAAkC,OAAlC,CAAV;;AAEA,YAAI,QAAQ,SAAR,IAAqB,QAAQ,QAAR,KAAqB,CAA9C,EAAiD;AACpD,oBAAQ,QAAR,GAAmB,GAAnB;AACH;;AAEM,iBAAS,GAAT,CAAa,GAAb,EAAkB;AACd,gBAAI,QAAQ,EAAE,IAAF,CAAO,GAAP,EAAY,OAAZ,CAAZ;AACA,gBAAI,CAAC,KAAL,EAAY;AACR,wBAAQ,IAAI,KAAJ,CAAU,GAAV,EAAe,EAAE,EAAF,CAAK,KAAL,CAAW,cAAX,CAA0B,GAA1B,EAA+B,OAA/B,CAAf,CAAR;AACA,kBAAE,IAAF,CAAO,GAAP,EAAY,OAAZ,EAAqB,KAArB;AACH;AACD,mBAAO,KAAP;AACH;;AAED,iBAAS,KAAT,GAAiB;AACb,gBAAI,QAAQ,IAAI,IAAJ,CAAZ;AACA,kBAAM,UAAN,GAAmB,IAAnB;AACA,gBAAI,QAAQ,OAAR,KAAoB,CAAxB,EAA2B;AACvB,sBAAM,IAAN;AACH,aAFD,MAEO;AACH,sBAAM,QAAN;AACA,2BAAW,YAAW;AAAE,wBAAI,MAAM,UAAN,IAAoB,IAAxB,EAA8B,MAAM,IAAN;AAAe,iBAArE,EAAuE,QAAQ,OAA/E;AACH;AACJ;;AAED,iBAAS,KAAT,GAAiB;AACb,gBAAI,QAAQ,IAAI,IAAJ,CAAZ;AACA,kBAAM,UAAN,GAAmB,KAAnB;AACA,gBAAI,QAAQ,QAAR,KAAqB,CAAzB,EAA4B;AACxB,sBAAM,IAAN;AACH,aAFD,MAEO;AACH,oBAAI,KAAK,SAAL,EAAK,GAAW;AAChB,wBAAI,CAAC,MAAM,UAAP,IAAqB,CAAC,QAAQ,SAAlC,EAA4C;AACxC,4BAAI,MAAM,UAAN,IAAoB,KAAxB,EAA+B,MAAM,IAAN;AAClC;AACJ,iBAJD;AAKA,2BAAW,EAAX,EAAe,QAAQ,QAAvB;AACH;AACJ;;AAED,YAAI,QAAQ,OAAR,IAAmB,QAAvB,EAAiC;AAC7B,gBAAI,SAAS,QAAQ,IAAR,GAAe,MAAf,GAAwB,MAArC;AAAA,gBACI,UAAU,QAAQ,OAAR,IAAmB,OAAnB,GAA6B,YAA7B,GAA4C,OAD1D;AAAA,gBAEI,WAAW,QAAQ,OAAR,IAAmB,OAAnB,GAA6B,YAA7B,GAA4C,MAF3D;AAGA,iBAAK,MAAL,EAAa,OAAb,EAAsB,KAAtB,EAA6B,MAA7B,EAAqC,QAArC,EAA+C,KAA/C;AACH;;AAED,eAAO,IAAP;AAEH,KA5DD;;AA8DA,MAAE,EAAF,CAAK,KAAL,CAAW,QAAX,GAAsB;AAClB,mBAAW,IADO;AAElB,iBAAS,CAFS;AAGlB,kBAAU,CAHQ;AAIlB,cAAM,KAJY;AAKlB,kBAAU,EALQ;AAMlB,iBAAS,GANS;AAOlB,cAAM,KAPY;AAQlB,cAAM,KARY;AASlB,gBAAQ,CATU;AAUlB,iBAAS,GAVS;AAWlB,eAAO,OAXW;AAYlB,iBAAS,OAZS;AAalB,mBAAW;AAbO,KAAtB;;;;;;AAoBA,MAAE,EAAF,CAAK,KAAL,CAAW,cAAX,GAA4B,UAAS,GAAT,EAAc,OAAd,EAAuB;AAC/C,eAAO,EAAE,QAAF,GAAa,EAAE,MAAF,CAAS,EAAT,EAAa,OAAb,EAAsB,EAAE,GAAF,EAAO,QAAP,EAAtB,CAAb,GAAwD,OAA/D;AACH,KAFD;;AAIA,MAAE,EAAF,CAAK,KAAL,CAAW,MAAX,GAAoB,YAAW;AAC3B,eAAO,EAAE,IAAF,EAAQ,MAAR,GAAiB,GAAjB,GAAwB,EAAE,QAAF,EAAY,SAAZ,KAA0B,EAAE,MAAF,EAAU,MAAV,KAAqB,CAAvE,GAA4E,GAA5E,GAAkF,GAAzF;AACH,KAFD;;AAIA,MAAE,EAAF,CAAK,KAAL,CAAW,MAAX,GAAoB,YAAW;AAC3B,eAAO,EAAE,IAAF,EAAQ,MAAR,GAAiB,IAAjB,GAAyB,EAAE,QAAF,EAAY,UAAZ,KAA2B,EAAE,MAAF,EAAU,KAAV,KAAoB,CAAxE,GAA6E,GAA7E,GAAmF,GAA1F;AACH,KAFD;;;;;;;;;;;;;;;;;AAmBC,MAAE,EAAF,CAAK,KAAL,CAAW,UAAX,GAAwB,UAAS,MAAT,EAAiB,MAAjB,EAAyB;AACpD,eAAO,YAAW;AACjB,gBAAI,MAAM,EAAC,IAAI,OAAO,CAAP,CAAL,EAAgB,IAAK,OAAO,MAAP,GAAgB,CAAhB,GAAoB,OAAO,CAAP,CAApB,GAAgC,KAArD,EAAV;AAAA,gBACI,WAAW,EAAE,QAAF,EAAY,SAAZ,KAA0B,MADzC;AAAA,gBAEI,YAAY,EAAE,QAAF,EAAY,UAAZ,KAA2B,MAF3C;AAAA,gBAGI,QAAQ,EAAE,IAAF,CAHZ;;AAKA,gBAAI,MAAM,MAAN,GAAe,GAAf,GAAqB,QAAzB,EAAmC,IAAI,EAAJ,GAAS,GAAT;AACnC,gBAAI,MAAM,MAAN,GAAe,IAAf,GAAsB,SAA1B,EAAqC,IAAI,EAAJ,GAAS,GAAT;AACrC,gBAAI,EAAE,MAAF,EAAU,KAAV,KAAoB,EAAE,QAAF,EAAY,UAAZ,EAApB,GAA+C,MAAM,MAAN,GAAe,IAA9D,GAAqE,MAAzE,EAAiF,IAAI,EAAJ,GAAS,GAAT;AACjF,gBAAI,EAAE,MAAF,EAAU,MAAV,KAAqB,EAAE,QAAF,EAAY,SAAZ,EAArB,GAA+C,MAAM,MAAN,GAAe,GAA9D,GAAoE,MAAxE,EAAgF,IAAI,EAAJ,GAAS,GAAT;;AAEhF,mBAAO,IAAI,EAAJ,IAAU,IAAI,EAAJ,GAAS,IAAI,EAAb,GAAkB,EAA5B,CAAP;AACA,SAZD;AAaG,KAdA;AAeJ,CA1RD,EA0RG,MA1RH","file":"/client/jquery.tipsy.js.map","sourcesContent":["\n(function($) {\n    \n    function maybeCall(thing, ctx) {\n        return (typeof thing == 'function') ? (thing.call(ctx)) : thing;\n    }\n    \n    function Tipsy(element, options) {\n        this.$element = $(element);\n        this.options = options;\n        this.enabled = true;\n        this.fixTitle();\n    }\n    \n    Tipsy.prototype = {\n        show: function() {\n            var title = this.getTitle();\n            if (title && this.enabled) {\n                var $tip = this.tip();\n                \n                $tip.find('.tipsy-inner')[this.options.html ? 'html' : 'text'](title);\n                $tip[0].className = 'tipsy'; // reset classname in case of dynamic gravity\n                $tip.remove().css({top: 0, left: 0, visibility: 'hidden', display: 'block'}).prependTo(document.body);\n                \n                var pos = $.extend({}, this.$element.offset(), {\n                    width: this.$element[0].offsetWidth || 0,\n                    height: this.$element[0].offsetHeight || 0\n                });\n\n                if (typeof this.$element[0].nearestViewportElement == 'object') {\n                    // SVG\n\t\t\t\t\tvar el = this.$element[0];\n                    var rect = el.getBoundingClientRect();\n\t\t\t\t\tpos.width = rect.width;\n\t\t\t\t\tpos.height = rect.height;\n                }\n\n                \n                var actualWidth = $tip[0].offsetWidth,\n                    actualHeight = $tip[0].offsetHeight,\n                    gravity = maybeCall(this.options.gravity, this.$element[0]);\n                \n                var tp;\n                switch (gravity.charAt(0)) {\n                    case 'n':\n                        tp = {top: pos.top + pos.height + this.options.offset, left: pos.left + pos.width / 2 - actualWidth / 2};\n                        break;\n                    case 's':\n                        tp = {top: pos.top - actualHeight - this.options.offset, left: pos.left + pos.width / 2 - actualWidth / 2};\n                        break;\n                    case 'e':\n                        tp = {top: pos.top + pos.height / 2 - actualHeight / 2, left: pos.left - actualWidth - this.options.offset};\n                        break;\n                    case 'w':\n                        tp = {top: pos.top + pos.height / 2 - actualHeight / 2, left: pos.left + pos.width + this.options.offset};\n                        break;\n                }\n                \n                if (gravity.length == 2) {\n                    if (gravity.charAt(1) == 'w') {\n                        tp.left = pos.left + pos.width / 2 - 15;\n                    } else {\n                        tp.left = pos.left + pos.width / 2 - actualWidth + 15;\n                    }\n                }\n                \n                $tip.css(tp).addClass('tipsy-' + gravity);\n                $tip.find('.tipsy-arrow')[0].className = 'tipsy-arrow tipsy-arrow-' + gravity.charAt(0);\n                if (this.options.className) {\n                    $tip.addClass(maybeCall(this.options.className, this.$element[0]));\n                }\n                \n                if (this.options.fade) {\n                    $tip.stop().css({opacity: 0, display: 'block', visibility: 'visible'}).animate({opacity: this.options.opacity});\n                } else {\n                    $tip.css({visibility: 'visible', opacity: this.options.opacity});\n                }\n\n                var t = this;\n                var set_hovered  = function(set_hover){\n                    return function(){\n                        t.$tip.stop();\n                        t.tipHovered = set_hover;\n                        if (!set_hover){\n                            if (t.options.delayOut === 0) {\n                                t.hide();\n                            } else {\n                                setTimeout(function() { \n                                    if (t.hoverState == 'out') t.hide(); }, t.options.delayOut);\n                            }\n                        }\n                    };\n                };\n               $tip.hover(set_hovered(true), set_hovered(false));\n            }\n        },\n        \n        hide: function() {\n            if (this.options.fade) {\n                this.tip().stop().fadeOut(function() { $(this).remove(); });\n            } else {\n                this.tip().remove();\n            }\n        },\n        \n        fixTitle: function() {\n            var $e = this.$element;\n            \n            if ($e.attr('title') || typeof($e.attr('original-title')) != 'string') {\n                $e.attr('original-title', $e.attr('title') || '').removeAttr('title');\n            }\n            if (typeof $e.context.nearestViewportElement == 'object'){                                                        \n                if ($e.children('title').length){\n                    $e.append('<original-title>' + ($e.children('title').text() || '') + '</original-title>')\n                        .children('title').remove();\n                }\n            }\n        },\n        \n        getTitle: function() {\n            \n            var title, $e = this.$element, o = this.options;\n            this.fixTitle();\n\n            if (typeof o.title == 'string') {\n                var title_name = o.title == 'title' ? 'original-title' : o.title;\n                if ($e.children(title_name).length){\n                    title = $e.children(title_name).html();\n                } else{\n                    title = $e.attr(title_name);\n                }\n                \n            } else if (typeof o.title == 'function') {\n                title = o.title.call($e[0]);\n            }\n            title = ('' + title).replace(/(^\\s*|\\s*$)/, \"\");\n            return title || o.fallback;\n        },\n        \n        tip: function() {\n            if (!this.$tip) {\n                this.$tip = $('<div class=\"tipsy\"></div>').html('<div class=\"tipsy-arrow\"></div><div class=\"tipsy-inner\"></div>');\n            }\n            return this.$tip;\n        },\n        \n        validate: function() {\n            if (!this.$element[0].parentNode) {\n                this.hide();\n                this.$element = null;\n                this.options = null;\n            }\n        },\n        \n        enable: function() { this.enabled = true; },\n        disable: function() { this.enabled = false; },\n        toggleEnabled: function() { this.enabled = !this.enabled; }\n    };\n    \n    $.fn.tipsy = function(options) {\n        \n        if (options === true) {\n            return this.data('tipsy');\n        } else if (typeof options == 'string') {\n            var tipsy = this.data('tipsy');\n            if (tipsy) tipsy[options]();\n            return this;\n        }\n        \n        options = $.extend({}, $.fn.tipsy.defaults, options);\n\n        if (options.hoverlock && options.delayOut === 0) {\n\t    options.delayOut = 100;\n\t}\n        \n        function get(ele) {\n            var tipsy = $.data(ele, 'tipsy');\n            if (!tipsy) {\n                tipsy = new Tipsy(ele, $.fn.tipsy.elementOptions(ele, options));\n                $.data(ele, 'tipsy', tipsy);\n            }\n            return tipsy;\n        }\n        \n        function enter() {\n            var tipsy = get(this);\n            tipsy.hoverState = 'in';\n            if (options.delayIn === 0) {\n                tipsy.show();\n            } else {\n                tipsy.fixTitle();\n                setTimeout(function() { if (tipsy.hoverState == 'in') tipsy.show(); }, options.delayIn);\n            }\n        }\n        \n        function leave() {\n            var tipsy = get(this);\n            tipsy.hoverState = 'out';\n            if (options.delayOut === 0) {\n                tipsy.hide();\n            } else {\n                var to = function() {\n                    if (!tipsy.tipHovered || !options.hoverlock){\n                        if (tipsy.hoverState == 'out') tipsy.hide(); \n                    }\n                };\n                setTimeout(to, options.delayOut);\n            }    \n        }\n\n        if (options.trigger != 'manual') {\n            var binder = options.live ? 'live' : 'bind',\n                eventIn = options.trigger == 'hover' ? 'mouseenter' : 'focus',\n                eventOut = options.trigger == 'hover' ? 'mouseleave' : 'blur';\n            this[binder](eventIn, enter)[binder](eventOut, leave);\n        }\n        \n        return this;\n        \n    };\n    \n    $.fn.tipsy.defaults = {\n        className: null,\n        delayIn: 0,\n        delayOut: 0,\n        fade: false,\n        fallback: '',\n        gravity: 'n',\n        html: false,\n        live: false,\n        offset: 0,\n        opacity: 0.8,\n        title: 'title',\n        trigger: 'hover',\n        hoverlock: false\n    };\n    \n    // Overwrite this method to provide options on a per-element basis.\n    // For example, you could store the gravity in a 'tipsy-gravity' attribute:\n    // return $.extend({}, options, {gravity: $(ele).attr('tipsy-gravity') || 'n' });\n    // (remember - do not modify 'options' in place!)\n    $.fn.tipsy.elementOptions = function(ele, options) {\n        return $.metadata ? $.extend({}, options, $(ele).metadata()) : options;\n    };\n    \n    $.fn.tipsy.autoNS = function() {\n        return $(this).offset().top > ($(document).scrollTop() + $(window).height() / 2) ? 's' : 'n';\n    };\n    \n    $.fn.tipsy.autoWE = function() {\n        return $(this).offset().left > ($(document).scrollLeft() + $(window).width() / 2) ? 'e' : 'w';\n    };\n    \n    /**\n     * yields a closure of the supplied parameters, producing a function that takes\n     * no arguments and is suitable for use as an autogravity function like so:\n     *\n     * @param margin (int) - distance from the viewable region edge that an\n     *        element should be before setting its tooltip's gravity to be away\n     *        from that edge.\n     * @param prefer (string, e.g. 'n', 'sw', 'w') - the direction to prefer\n     *        if there are no viewable region edges effecting the tooltip's\n     *        gravity. It will try to vary from this minimally, for example,\n     *        if 'sw' is preferred and an element is near the right viewable \n     *        region edge, but not the top edge, it will set the gravity for\n     *        that element's tooltip to be 'se', preserving the southern\n     *        component.\n     */\n     $.fn.tipsy.autoBounds = function(margin, prefer) {\n\t\treturn function() {\n\t\t\tvar dir = {ns: prefer[0], ew: (prefer.length > 1 ? prefer[1] : false)},\n\t\t\t    boundTop = $(document).scrollTop() + margin,\n\t\t\t    boundLeft = $(document).scrollLeft() + margin,\n\t\t\t    $this = $(this);\n\n\t\t\tif ($this.offset().top < boundTop) dir.ns = 'n';\n\t\t\tif ($this.offset().left < boundLeft) dir.ew = 'w';\n\t\t\tif ($(window).width() + $(document).scrollLeft() - $this.offset().left < margin) dir.ew = 'e';\n\t\t\tif ($(window).height() + $(document).scrollTop() - $this.offset().top < margin) dir.ns = 's';\n\n\t\t\treturn dir.ns + (dir.ew ? dir.ew : '');\n\t\t};\n    };\n})(jQuery);"]},"hash":"f55f7d54b43d73fa7636131a9586db97b14f3edd"}
