{"metadata":{"usedHelpers":[],"marked":[],"modules":{"imports":[],"exports":{"exported":[],"specifiers":[]}}},"options":{"filename":"/packages/webapp-hashing/webapp-hashing.js","filenameRelative":"/packages/webapp-hashing/webapp-hashing.js","env":{},"retainLines":false,"highlightCode":true,"suppressDeprecationMessages":false,"presets":[],"plugins":[[[],{"polyfill":false}],[[],{"allowTopLevelThis":true,"strict":false,"loose":true}],[[],null],[[],null],[[],null],[[],null],[[],null],[[],null],[[],null],[[],null],[[],null],[[],null],[[],null],[[],null],[[],null],[[],{"loose":true}],[[],{"loose":true}],[[],null],[[],{"loose":true}],[[],null],[[],null],[[],null],[[],null],[[],null],[[],null],[[],null],[[],{"loose":true}],[[],null],[[],null],[[],null],[[],null],[[],null],[[],null],[[],null],[[],null]],"ignore":[],"code":true,"metadata":true,"ast":false,"comments":true,"compact":false,"minified":false,"sourceMap":true,"sourceMaps":true,"sourceMapTarget":"/packages/webapp-hashing/webapp-hashing.js.map","sourceFileName":"/packages/webapp-hashing/webapp-hashing.js","babelrc":false,"sourceType":"module","moduleIds":false,"passPerPreset":false,"basename":"webapp-hashing"},"ignored":false,"code":"var crypto = Npm.require(\"crypto\");\n\nWebAppHashing = {};\n\n// Calculate a hash of all the client resources downloaded by the\n// browser, including the application HTML, runtime config, code, and\n// static files.\n//\n// This hash *must* change if any resources seen by the browser\n// change, and ideally *doesn't* change for any server-only changes\n// (but the second is a performance enhancement, not a hard\n// requirement).\n\nWebAppHashing.calculateClientHash = function (manifest, includeFilter, runtimeConfigOverride) {\n  var hash = crypto.createHash('sha1');\n\n  // Omit the old hashed client values in the new hash. These may be\n  // modified in the new boilerplate.\n  var runtimeCfg = _.omit(__meteor_runtime_config__, ['autoupdateVersion', 'autoupdateVersionRefreshable', 'autoupdateVersionCordova']);\n\n  if (runtimeConfigOverride) {\n    runtimeCfg = runtimeConfigOverride;\n  }\n\n  hash.update(JSON.stringify(runtimeCfg, 'utf8'));\n\n  _.each(manifest, function (resource) {\n    if ((!includeFilter || includeFilter(resource.type)) && (resource.where === 'client' || resource.where === 'internal')) {\n      hash.update(resource.path);\n      hash.update(resource.hash);\n    }\n  });\n  return hash.digest('hex');\n};\n\nWebAppHashing.calculateCordovaCompatibilityHash = function (platformVersion, pluginVersions) {\n  var hash = crypto.createHash('sha1');\n\n  hash.update(platformVersion);\n\n  // Sort plugins first so iteration order doesn't affect the hash\n  var plugins = Object.keys(pluginVersions).sort();\n  for (var _iterator = plugins, _isArray = Array.isArray(_iterator), _i = 0, _iterator = _isArray ? _iterator : _iterator[Symbol.iterator]();;) {\n    var _ref;\n\n    if (_isArray) {\n      if (_i >= _iterator.length) break;\n      _ref = _iterator[_i++];\n    } else {\n      _i = _iterator.next();\n      if (_i.done) break;\n      _ref = _i.value;\n    }\n\n    var plugin = _ref;\n\n    var version = pluginVersions[plugin];\n    hash.update(plugin);\n    hash.update(version);\n  }\n\n  return hash.digest('hex');\n};","ast":null,"map":{"version":3,"sources":["/packages/webapp-hashing/webapp-hashing.js"],"names":[],"mappings":"AAAA,IAAI,SAAS,IAAI,OAAJ,CAAY,QAAZ,CAAb;;AAEA,gBAAgB,EAAhB;;;;;;;;;;;AAWA,cAAc,mBAAd,GACE,UAAU,QAAV,EAAoB,aAApB,EAAmC,qBAAnC,EAA0D;AAC1D,MAAI,OAAO,OAAO,UAAP,CAAkB,MAAlB,CAAX;;;;AAIA,MAAI,aAAa,EAAE,IAAF,CAAO,yBAAP,EACf,CAAC,mBAAD,EAAsB,8BAAtB,EACC,0BADD,CADe,CAAjB;;AAIA,MAAI,qBAAJ,EAA2B;AACzB,iBAAa,qBAAb;AACD;;AAED,OAAK,MAAL,CAAY,KAAK,SAAL,CAAe,UAAf,EAA2B,MAA3B,CAAZ;;AAEA,IAAE,IAAF,CAAO,QAAP,EAAiB,UAAU,QAAV,EAAoB;AACjC,QAAI,CAAC,CAAE,aAAF,IAAmB,cAAc,SAAS,IAAvB,CAApB,MACC,SAAS,KAAT,KAAmB,QAAnB,IAA+B,SAAS,KAAT,KAAmB,UADnD,CAAJ,EACoE;AACpE,WAAK,MAAL,CAAY,SAAS,IAArB;AACA,WAAK,MAAL,CAAY,SAAS,IAArB;AACD;AACF,GAND;AAOA,SAAO,KAAK,MAAL,CAAY,KAAZ,CAAP;AACD,CAxBD;;AA0BA,cAAc,iCAAd,GACE,UAAS,eAAT,EAA0B,cAA1B,EAA0C;AAC1C,MAAM,OAAO,OAAO,UAAP,CAAkB,MAAlB,CAAb;;AAEA,OAAK,MAAL,CAAY,eAAZ;;;AAGA,MAAM,UAAU,OAAO,IAAP,CAAY,cAAZ,EAA4B,IAA5B,EAAhB;AACA,uBAAmB,OAAnB,kHAA4B;AAAA;;AAAA;AAAA;AAAA;AAAA;AAAA;AAAA;AAAA;AAAA;;AAAA,QAAnB,MAAmB;;AAC1B,QAAM,UAAU,eAAe,MAAf,CAAhB;AACA,SAAK,MAAL,CAAY,MAAZ;AACA,SAAK,MAAL,CAAY,OAAZ;AACD;;AAED,SAAO,KAAK,MAAL,CAAY,KAAZ,CAAP;AACD,CAfD","file":"/packages/webapp-hashing/webapp-hashing.js.map","sourcesContent":["var crypto = Npm.require(\"crypto\");\n\nWebAppHashing = {};\n\n// Calculate a hash of all the client resources downloaded by the\n// browser, including the application HTML, runtime config, code, and\n// static files.\n//\n// This hash *must* change if any resources seen by the browser\n// change, and ideally *doesn't* change for any server-only changes\n// (but the second is a performance enhancement, not a hard\n// requirement).\n\nWebAppHashing.calculateClientHash =\n  function (manifest, includeFilter, runtimeConfigOverride) {\n  var hash = crypto.createHash('sha1');\n\n  // Omit the old hashed client values in the new hash. These may be\n  // modified in the new boilerplate.\n  var runtimeCfg = _.omit(__meteor_runtime_config__,\n    ['autoupdateVersion', 'autoupdateVersionRefreshable',\n     'autoupdateVersionCordova']);\n\n  if (runtimeConfigOverride) {\n    runtimeCfg = runtimeConfigOverride;\n  }\n\n  hash.update(JSON.stringify(runtimeCfg, 'utf8'));\n\n  _.each(manifest, function (resource) {\n      if ((! includeFilter || includeFilter(resource.type)) &&\n          (resource.where === 'client' || resource.where === 'internal')) {\n      hash.update(resource.path);\n      hash.update(resource.hash);\n    }\n  });\n  return hash.digest('hex');\n};\n\nWebAppHashing.calculateCordovaCompatibilityHash =\n  function(platformVersion, pluginVersions) {\n  const hash = crypto.createHash('sha1');\n\n  hash.update(platformVersion);\n\n  // Sort plugins first so iteration order doesn't affect the hash\n  const plugins = Object.keys(pluginVersions).sort();\n  for (let plugin of plugins) {\n    const version = pluginVersions[plugin];\n    hash.update(plugin);\n    hash.update(version);\n  }\n\n  return hash.digest('hex');\n};\n"]},"hash":"f77a7e517077da1ac38af70c9a4a5ba759eb3c62"}
